-- phpMyAdmin SQL Dump
-- version 4.1.14.8
-- http://www.phpmyadmin.net
--
-- Client :  localhost
-- Généré le :  Mer 03 Avril 2019 à 09:51
-- Version du serveur :  5.1.73
-- Version de PHP :  7.0.33

SET SQL_MODE = "NO_AUTO_VALUE_ON_ZERO";
SET time_zone = "+00:00";


/*!40101 SET @OLD_CHARACTER_SET_CLIENT=@@CHARACTER_SET_CLIENT */;
/*!40101 SET @OLD_CHARACTER_SET_RESULTS=@@CHARACTER_SET_RESULTS */;
/*!40101 SET @OLD_COLLATION_CONNECTION=@@COLLATION_CONNECTION */;
/*!40101 SET NAMES utf8 */;

--
-- Base de données :  `rimet2u`
--

-- --------------------------------------------------------

--
-- Structure de la table `album`
--

CREATE TABLE IF NOT EXISTS `album` (
  `idAlbum` int(10) NOT NULL AUTO_INCREMENT,
  `nomAlbum` varchar(255) CHARACTER SET latin1 NOT NULL,
  `imageAlbum` varchar(255) CHARACTER SET latin1 NOT NULL,
  `annéeAlbum` int(10) NOT NULL,
  PRIMARY KEY (`idAlbum`)
) ENGINE=InnoDB  DEFAULT CHARSET=utf8 COLLATE=utf8_unicode_ci AUTO_INCREMENT=107 ;

--
-- Contenu de la table `album`
--

INSERT INTO `album` (`idAlbum`, `nomAlbum`, `imageAlbum`, `annéeAlbum`) VALUES
(1, 'Let there be fire', 'https://f4.bcbits.com/img/a3614231628_10.jpg', 2018),
(2, 'Godhunter', 'http://www.gap-tallard-durance.fr/fileadmin/_processed_/5/a/csm_AdobeStock_cle_sol_03179e2243.jpg', 2019),
(3, 'Balavoine sur scène', 'https://img.cdandlp.com/2016/11/imgL/3058765433.jpg', 1981),
(4, 'Daniel Balavoine: Les 50 Plus Belles Chansons', 'https://static.fnac-static.com/multimedia/images_produits/ZoomPE/0/7/7/0600753074770/tsp20130831051645/Les-50-plus-belles-chansons.jpg', 2008),
(5, 'D''eux', 'https://is1-ssl.mzstatic.com/image/thumb/Music/3a/4e/ff/mzi.eciahqkd.jpg/268x0w.jpg', 1995),
(6, 'Back In Black', 'https://cdn.shopify.com/s/files/1/1959/7997/products/POC010931_1280x1280.jpg', 1980),
(7, 'Highway to Hell', 'https://is4-ssl.mzstatic.com/image/thumb/Features6/v4/ee/bd/69/eebd6962-9b25-c177-c175-b3b3e641a29d/dj.edqjfvzd.jpg/600x600bf.png', 1979),
(8, 'Disney: Les 50 Plus Belles Chansons', 'https://images-na.ssl-images-amazon.com/images/I/81xQJvNnVeL._SL1400_.jpg', 2014),
(9, 'Machines', 'https://m.media-amazon.com/images/I/81qN8+LjyML._SS500_.jpg', 2017),
(10, 'Années 80', 'https://static.fnac-static.com/multimedia/FR/Images_Produits/FR/fnac.com/Visual_Principal_340/9/2/3/3596972315329/tsp20120919153857/Annees-80-volume-2.jpg', 2007),
(11, 'Disobey', 'https://images-na.ssl-images-amazon.com/images/I/81UtmRPFPbL._SL1500_.jpg', 2018),
(12, 'L''Integrale', 'https://images-na.ssl-images-amazon.com/images/I/31MDKYGDHYL.jpg', 1995),
(13, 'Les Plus Grandes Chansons Des Films Disney', 'https://images-na.ssl-images-amazon.com/images/I/81NfvUVf8zL._SL1400_.jpg', 2006),
(14, '<I°_°I>', 'https://i.ytimg.com/vi/TbsBEb1ZxWA/hqdefault.jpg', 2015),
(15, 'American IV: The Man Comes Around', 'https://m.media-amazon.com/images/I/61kIFtZSaqL._SS500_.jpg', 2002),
(16, 'Orelsan Et Gringe Sont Les Casseurs Flowters', 'https://m.media-amazon.com/images/I/81X+UcYmG3L._SS500_.jpg', 2013),
(17, 'That Hits', 'https://media.senscritique.com/media/000013914818/source_big/That_Hits_Compilation.jpg', 2014),
(18, 'A Star Is Born Soundtrack', 'https://m.media-amazon.com/images/I/813540BVRYL._SS500_.jpg', 2018),
(19, 'Worlds Collide', 'http://images.genius.com/c97636d35b370f129e84ab4da23c06d1.1000x1000x1.jpg', 2015),
(20, 'Save Rock and Roll', 'https://is4-ssl.mzstatic.com/image/thumb/Music/v4/36/85/1e/36851e72-3eda-9409-64e1-c2cd40a0981b/13UMGIM27299.jpg/600x600bf.png', 2013),
(21, 'And Justice for None', 'https://www.nuclearblast.de/static/articles/270/270533.jpg/1000x1000.jpg', 2018),
(22, 'Follow the Cipher', 'https://pbs.twimg.com/profile_images/971097789831745537/VnMkUX5L_400x400.jpg', 2018),
(23, 'La La Land (OST)', 'https://is1-ssl.mzstatic.com/image/thumb/Music71/v4/df/b0/1f/dfb01f4a-4f5f-92a6-7b40-094614695033/16UMGIM76068.jpg/268x0w.jpg', 2016),
(24, '21st Century Breakdown', 'https://images-na.ssl-images-amazon.com/images/I/81dmRIIv-dL._SL1425_.jpg', 2009),
(25, 'American Idiot', 'https://images-na.ssl-images-amazon.com/images/I/41HPZZDPP0L.jpg', 2012),
(26, 'Experience Hendrix: The Best Of Jimi Hendrix', 'https://img.discogs.com/2YON4Znns17-STiTrItKj8quYbA=/fit-in/600x600/filters:strip_icc():format(jpeg):mode_rgb():quality(90)/discogs-images/R-4813706-1377849339-7157.jpeg.jpg', 1968),
(27, 'Scripted', 'https://images.genius.com/813ec3e48552cb122ad19a0614641847.1000x1000x1.jpg', 2011),
(28, 'Night Visions (Deluxe Version)', 'https://m.media-amazon.com/images/I/71x+T7Cjx8L._SS500_.jpg', 2013),
(29, 'Origins (Deluxe)', 'https://images-na.ssl-images-amazon.com/images/I/71Yy2k2X-RL._SL1200_.jpg', 2018),
(30, 'Smoke + Mirrors (Deluxe)', 'https://is5-ssl.mzstatic.com/image/thumb/Music32/v4/5f/65/26/5f652628-5a41-70dd-c75b-ea50f40c419f/mzm.twcleubd.jpg/600x600bf.png', 2015),
(31, 'Evolve [Deluxe Edition]', 'https://images-na.ssl-images-amazon.com/images/I/41AUeUrRg3L.jpg', 2017),
(32, '13', 'https://images-na.ssl-images-amazon.com/images/I/519QBhXwI6L._SY355_.jpg', 2017),
(33, 'L''Aventurier', 'https://images-na.ssl-images-amazon.com/images/I/612MnSjeosL.jpg', 1982),
(34, 'Dimanche De Hippie', 'https://images.genius.com/b57a9c23461569f1353fd46abfa2bc38.1000x1000x1.jpg', 2018),
(35, 'Dimanche de Hippie, Vol. 2', 'https://m.media-amazon.com/images/I/91OMKFAB6rL._SS500_.jpg', 2018),
(36, 'Ecstasy', 'https://t2.genius.com/unsafe/220x220/https%3A%2F%2Fimages.genius.com%2F168f837a8a9beba3462208ab565e3cf8.500x500x1.jpg', 2018),
(37, 'Joanne', 'https://upload.wikimedia.org/wikipedia/en/thumb/f/fd/Lady_Gaga_-_Joanne_%28Official_Album_Cover%29.png/220px-Lady_Gaga_-_Joanne_%28Official_Album_Cover%29.png', 2016),
(38, 'Results May Vary', 'https://img.discogs.com/fFTZw8IvUpA7iDTIEd_hb63plW4=/fit-in/600x600/filters:strip_icc():format(jpeg):mode_rgb():quality(90)/discogs-images/R-579684-1428687461-9599.jpeg.jpg', 2003),
(39, 'Living Things', 'https://images-na.ssl-images-amazon.com/images/I/611BulRT8EL._SL1500_.jpg', 2012),
(40, 'Minutes to Midnight', 'https://images.genius.com/62235a3f5f7faf1f218fee363cf14fc5.1000x1000x1.jpg', 2007),
(41, 'The Collection', 'https://is4-ssl.mzstatic.com/image/thumb/Music5/v4/83/3d/4d/833d4dc3-1e55-fa66-4774-8ee41137fd39/UMG_cvrart_00602537976096_01_RGB72_1500x1500_14UMGIM31448.jpg/268x0w.jpg', 2014),
(42, 'No Place In Heaven (Special Edition)', 'https://images-na.ssl-images-amazon.com/images/I/71us8s10xrL._SL1400_.jpg', 2015),
(43, 'Au Casino de Paris [Live]', 'https://i.ebayimg.com/images/g/bLYAAOSwVqlaRPvQ/s-l300.jpg', 1991),
(44, 'Mozart l''Opera Rock (standard)', 'https://direct.rhapsody.com/imageserver/images/Alb.54800808/500x500.jpg', 2009),
(45, 'Drones', 'https://i1.wp.com/iwantthetruth.fr/wp-content/uploads/2015/03/11001899_10152885785048725_5226502552668439041_n.jpg', 2015),
(46, 'The 2nd Law (Deluxe) [Explicit] [+video]', 'https://www.picclickimg.com/d/l400/pict/312445975696_/MUSE-The-2nd-Law-2012-13-track-CD-album.jpg', 2012),
(47, 'Absolution', 'https://images-na.ssl-images-amazon.com/images/I/91olQTLED-L._SL1448_.jpg', 2003),
(48, 'The Resistance', 'https://images-na.ssl-images-amazon.com/images/I/91ZwmJUvFDL._SL1500_.jpg', 2009),
(49, 'Black Holes and Revelations', 'https://images-na.ssl-images-amazon.com/images/I/81eIMvbLnfL._SL1500_.jpg', 2006),
(50, 'The 2nd Law', 'https://www.picclickimg.com/d/l400/pict/312445975696_/MUSE-The-2nd-Law-2012-13-track-CD-album.jpg', 2012),
(51, 'Greatest Hits', 'https://images-na.ssl-images-amazon.com/images/I/511BJ9%2Bzh0L._SX355_.jpg', 2008),
(52, 'La fête est finie - EPILOGUE', 'https://images-na.ssl-images-amazon.com/images/I/71JoORbQF5L._SL1500_.jpg', 2018),
(53, 'Riot!', 'https://images-na.ssl-images-amazon.com/images/I/91b6aYwjwjL._SL1425_.jpg', 2007),
(54, 'The Legend (La legende)', 'https://static.fnac-static.com/multimedia/Images/FR/NR/53/83/50/5276499/1540-1/tsp20130613113017/La-legende.jpg', 2010),
(55, 'Blessed and Possessed', 'https://www.nuclearblast.de/static/articles/240/240979.jpg/1000x1000.jpg', 2015),
(56, 'The Sacrament of Sin', 'https://images-na.ssl-images-amazon.com/images/I/81BbcZBK-SL._SY355_.jpg', 2018),
(57, 'A Night at the Opera', 'https://www.levinyleclub.com/wp-content/uploads/2018/07/600x600bf.jpg', 1975),
(58, 'A Kind of Magic', 'https://img.cdandlp.com/2016/12/imgL/118390945.jpg', 1986),
(59, 'Made in Heaven', 'https://p7.storage.canalblog.com/72/54/636073/43917798.jpg', 1995),
(60, 'Hot Space', 'https://dvfnvgxhycwzf.cloudfront.net/media/SharedImage/imageFull/.f32o6N2T/SharedImage-10311.jpg?t=2e3fcaf22d8acecce510', 1982),
(61, 'News Of The World', 'https://images-na.ssl-images-amazon.com/images/I/810rfsma2tL._SL1090_.jpg', 1977),
(62, 'Innuendo', 'https://images-na.ssl-images-amazon.com/images/I/71iRyn9BI8L._SL1092_.jpg', 1991),
(63, 'The Game', 'https://upload.wikimedia.org/wikipedia/en/thumb/1/16/Queen_The_Game.png/220px-Queen_The_Game.png', 1980),
(64, 'Flash Gordon', 'https://images-na.ssl-images-amazon.com/images/I/51a2E5xvkwL.jpg', 1980),
(65, 'Jazz', 'https://img.cdandlp.com/2017/09/imgL/115384467.jpg', 1978),
(66, 'The Miracle', 'https://images-na.ssl-images-amazon.com/images/I/51mOmobNECL._SY355_.jpg', 1989),
(67, 'Sheer Heart Attack', 'http://www.albumrock.net/dyn_img/pochettes_album/1688_150.jpg', 1974),
(68, 'Queen I', 'https://upload.wikimedia.org/wikipedia/en/0/03/Queen_Queen.png', 1973),
(69, 'A Day At The Races', 'https://is3-ssl.mzstatic.com/image/thumb/Music128/v4/a6/f5/94/a6f594f2-70ef-f0d4-1051-ebb9ea30c2f1/UMG_cvrart_00050087318277_01_RGB72_1500x1500_14DMGIM05549.jpg/600x600bf.png', 1976),
(70, 'Queen II', 'https://images-na.ssl-images-amazon.com/images/I/51wUY2A92-L._SX466_.jpg', 1974),
(71, 'The Works', 'https://dvfnvgxhycwzf.cloudfront.net/media/SharedImage/imageFull/.fR-6jyGW/SharedImage-79365.jpg?t=4dee5d0b9ff19afd1947', 1984),
(72, 'Nuovi eroi', 'https://images-na.ssl-images-amazon.com/images/I/61LaxA0nQqL.jpg', 1986),
(73, 'Dove c''è musica', 'https://images-na.ssl-images-amazon.com/images/I/81DPak0dboL._SL1500_.jpg', 1996),
(74, 'In certi momenti', 'https://img.discogs.com/E5DbLBUL9SrP0XM1b12sjkb-KhM=/fit-in/600x600/filters:strip_icc():format(jpeg):mode_rgb():quality(90)/discogs-images/R-706312-1150043378.jpeg.jpg', 1987),
(75, 'Eros Roma Live', 'https://lastfm-img2.akamaized.net/i/u/ar0/aedbe0ba74864f7eb44ff648f9beaf5c', 2004),
(76, 'In ogni senso', 'https://images-na.ssl-images-amazon.com/images/I/61Yh62T9tAL.jpg', 1990),
(77, 'Cuori agitati', 'https://img.discogs.com/HCGPGpMkdYOrB_DQ6fFY711bAv4=/fit-in/600x600/filters:strip_icc():format(jpeg):mode_rgb():quality(90)/discogs-images/R-568210-1490738379-1047.jpeg.jpg', 1985),
(78, 'Tutte storie', 'https://m.media-amazon.com/images/I/81j7J4swV2L._SS500_.jpg', 1993),
(79, 'Blood Sugar Sex Magik', 'https://www.fuzz-bayonne.com/wp-content/uploads/2017/10/RED-HOT-CHILI-PEPPERS-Blood-Sugar-Sex-Magik.jpeg', 1991),
(80, 'Californication', 'https://m.media-amazon.com/images/I/81TnWHafWdL._SS500_.jpg', 1999),
(81, 'Heroes', 'https://images-na.ssl-images-amazon.com/images/I/81MBDQOBjBL._SY355_.jpg', 2014),
(82, 'Zebop!', 'http://www.progarchives.com/progressive_rock_discography_covers/2667/cover_2211161632010.jpg', 1981),
(83, 'Sacred Fire: Live in South America', 'https://images-na.ssl-images-amazon.com/images/I/61vE8-b3u4L._SY355_.jpg', 1993),
(84, 'Duality', 'https://images.genius.com/92d118e90e5a09f6b6dc28e63530a6fb.1000x1000x1.jpg', 2014),
(85, 'Bounce Into The Music', 'https://s3.amazonaws.com/broadtime_thumbnails/727/418459288727/418459288727%3A500.jpg', 2016),
(86, 'Awake', 'https://images-na.ssl-images-amazon.com/images/I/818OQ4o8RVL._SL1425_.jpg', 2009),
(87, 'Unleashed', 'https://direct.rhapsody.com/imageserver/images/Alb.228014432/500x500.jpg', 2016),
(88, 'Rise', 'https://images-na.ssl-images-amazon.com/images/I/81%2Bp4xL3PYL._SY355_.jpg', 2013),
(89, 'Rise and Shine', 'https://m.media-amazon.com/images/I/71XGh7sTz2L._SS500_.jpg', 2017),
(90, 'Sincerely', 'https://images.genius.com/be4a33678856cc57075ce947849d7d48.1000x1000x1.jpg', 2016),
(91, 'Pursuit', 'https://images-na.ssl-images-amazon.com/images/I/71ImglGjWbL._SL1181_.jpg', 2012),
(92, 'Stup Virus', 'https://images-na.ssl-images-amazon.com/images/I/71vVeeb4GfL._SL1200_.jpg', 2017),
(93, 'Steal This Album!', 'https://images-na.ssl-images-amazon.com/images/I/51Bm3v6e4UL.jpg', 2002),
(94, 'Toxicity', 'https://images-na.ssl-images-amazon.com/images/I/91o4-BvL0fL._SL1500_.jpg', 2001),
(95, 'Mezmerize [Explicit]', 'https://lastfm-img2.akamaized.net/i/u/770x0/4c828257293c4fb1cff97b0d8b2ae301.jpg', 2005),
(96, 'Yellow Submarine', 'https://is1-ssl.mzstatic.com/image/thumb/Music/v4/c9/20/8f/c9208f31-deb2-a75b-8b27-0d6bad71795b/5099962145657_1200x1200_300dpi.tiff/600x600bf.png', 1969),
(97, 'Abbey Road', 'https://s1.lemde.fr/image/2015/01/29/534x0/4566352_6_ac59_pochette-de-l-album-des-beatles-abbey-road_74490d714299c7812217ea8e2389d2f7.jpg', 1969),
(98, 'The Beatles’ Second Album', 'https://upload.wikimedia.org/wikipedia/en/thumb/e/ec/TheBeatlesSecondAlbumreissuecover.jpg/220px-TheBeatlesSecondAlbumreissuecover.jpg', 1964),
(99, 'A Mouthful', 'https://images-na.ssl-images-amazon.com/images/I/61C8nIZYIdL.jpg', 2008),
(100, 'Hot Fuss', 'https://is5-ssl.mzstatic.com/image/thumb/Music118/v4/1f/d8/05/1fd8054e-5e52-70c5-08c3-51d526262be7/UMG_cvrart_00602557606232_01_RGB72_1800x1800_17UM1IM06929.jpg/600x600bf.png', 2004),
(101, 'Hit Sale', 'https://images-na.ssl-images-amazon.com/images/I/716J3oPiMyL._SY355_.jpg', 2018),
(102, 'Out of Our Heads', 'https://i2.wp.com/www.rarerecords.net/wp-content/uploads/images/products/products-stones_out_of_our_heads_mono1.jpg', 1964),
(103, 'Blue & Lonesome', 'https://p0.storage.canalblog.com/08/50/636073/114047144.jpg', 2016),
(104, 'Le concert', 'https://static.fnac-static.com/multimedia/Images/FR/NR/a2/1f/a1/10559394/1540-1/tsp20181009145140/Le-Concert.jpg', 2018),
(105, 'The Unforgiving', 'https://www.nuclearblast.de/static/articles/176/176917.jpg/1000x1000.jpg', 2011),
(106, 'Aucun', 'https://www.gap-tallard-durance.fr/fileadmin/_processed_/5/a/csm_AdobeStock_cle_sol_03179e2243.jpg', 2019);

-- --------------------------------------------------------

--
-- Structure de la table `artiste`
--

CREATE TABLE IF NOT EXISTS `artiste` (
  `idArtiste` int(10) NOT NULL AUTO_INCREMENT,
  `nomArtiste` varchar(255) NOT NULL,
  `prénomArtiste` varchar(255) NOT NULL,
  PRIMARY KEY (`idArtiste`)
) ENGINE=InnoDB  DEFAULT CHARSET=latin1 AUTO_INCREMENT=125 ;

--
-- Contenu de la table `artiste`
--

INSERT INTO `artiste` (`idArtiste`, `nomArtiste`, `prénomArtiste`) VALUES
(1, 'Aviators', ''),
(2, 'Balavoine', 'Daniel'),
(3, 'Workman', 'Nanette'),
(4, 'Dion', 'Céline'),
(5, 'ACDC', ''),
(6, 'Aladdin', ''),
(7, 'Alice au Pays des Merveilles', ''),
(8, 'All Good Things', ''),
(9, 'Annabelle', ''),
(10, 'Bad Wolves', ''),
(11, 'Bambi', ''),
(12, 'Bandolero', ''),
(13, 'Baxter', 'Bill'),
(14, 'Berliner', 'Gérard'),
(15, 'Blanc', 'Gérard'),
(16, 'Blanche Neige et les Sept Nains', ''),
(17, 'Bombs Away', ''),
(18, 'Canada', ''),
(19, 'Caravan Palace', ''),
(20, 'Cash', 'Johnny'),
(21, 'Casseurs Flowters', ''),
(22, 'Cataldo', 'Philippe'),
(23, 'Cendrillon', ''),
(24, 'Coldplay', ''),
(25, 'Cooper', 'Bradley'),
(26, 'Cristiani', 'Hervé'),
(27, 'Dacq', 'Muriel'),
(28, 'Dead by April', ''),
(29, 'de Michele', 'Graziella'),
(30, 'Dumbo', ''),
(31, 'Début de soirée', ''),
(32, 'Fall Out Boy', ''),
(33, 'Five Finger Death Punch', ''),
(34, 'Follow The Cipher', ''),
(35, 'Gosling', 'Ryan'),
(36, 'Green Day', ''),
(37, 'Hendrix', 'Jimi'),
(38, 'Hercule', ''),
(39, 'Hurwitz', 'Justin'),
(40, 'Icon for Hire', ''),
(41, 'Imagine Dragons', ''),
(42, 'Indochine', ''),
(43, 'Kazero', ''),
(44, 'KIKESA', ''),
(45, 'Kissin'' Dynamite', ''),
(46, 'La Belle au Bois Dormant', ''),
(47, 'La Belle et la Bête', ''),
(48, 'La Belle et le Clochard', ''),
(49, 'Lady Gaga', ''),
(50, 'La La Land Cast', ''),
(51, 'La Petite Sirène', ''),
(52, 'La Princesse et la Grenouille', ''),
(53, 'Lavoie', 'Daniel'),
(54, 'Lazlo', 'Viktor'),
(55, 'League of Legends', ''),
(56, 'Le Bossu de Notre Dame', ''),
(57, 'Legend', 'John'),
(58, 'Legrand', 'Caroline'),
(59, 'Le Livre de la Jungle', ''),
(60, 'Le Livre de la Jungle 2', ''),
(61, 'Le Monde de Narnia', ''),
(62, 'Le Roi Lion', ''),
(63, 'Les Aristochats', ''),
(64, 'Les 101 Dalmatiens', ''),
(65, 'Les Cocogirls', ''),
(66, 'Lilo et Stitch', ''),
(67, 'Limp Bizkit', ''),
(68, 'Linkin Park', ''),
(69, 'Loeb', 'Caroline'),
(70, 'Louis Bertignac et Les Visiteurs', ''),
(71, 'Léopold Nord et Vous', ''),
(72, 'Maroon 5', ''),
(73, 'Mary Poppins', ''),
(74, 'Mas', 'Jeanne'),
(75, 'Mika', ''),
(76, 'Mitchell', 'Eddy'),
(77, 'Monstres et Cie', ''),
(78, 'Mozart Opera Rock', ''),
(79, 'Mulan', ''),
(80, 'Muse', ''),
(81, 'Nacash', ''),
(82, 'Negra', 'Mano'),
(83, 'Nirvana', ''),
(84, 'Orelsan', ''),
(85, 'Paramore', ''),
(86, 'Partenaire particulier', ''),
(87, 'Peter Pan', ''),
(88, 'Piaf', 'Édith'),
(89, 'Pinocchio', ''),
(90, 'Pocahontas', ''),
(91, 'Powerwolf', ''),
(92, 'Princesses Disney', ''),
(93, 'Queen', ''),
(94, 'Raiponce', ''),
(95, 'Ramazzotti', 'Eros'),
(96, 'Red Hot Chili Peppers', ''),
(97, 'Russo', 'Philippe'),
(98, 'Sabaton', ''),
(99, 'Santana', ''),
(100, 'Savage', 'Vivien'),
(101, 'Schultheis', 'Jean'),
(102, 'Set It Off', ''),
(103, 'SIAMÉS', ''),
(104, 'Skillet', ''),
(105, 'Smash Into Pieces', ''),
(106, 'Stephen', ''),
(107, 'Stone', 'Emma'),
(108, 'Stuck In the Sound', ''),
(109, 'Stupeflip', ''),
(110, 'Swan', 'Philippe'),
(111, 'System Of A Down', ''),
(112, 'Tarzan', ''),
(113, 'The Beatles', ''),
(114, 'The Dø', ''),
(115, 'The Killers', ''),
(116, 'Therapie TAXI', ''),
(117, 'The Rolling Stones', ''),
(118, 'Toy Story', ''),
(119, 'Toy Story 2', ''),
(120, 'Twist', 'Dennis'''),
(121, 'Valmont', 'Laroche'),
(122, 'Vianney', ''),
(123, 'Within Temptation', ''),
(124, 'Écran total 80', '');

-- --------------------------------------------------------

--
-- Structure de la table `a_joué_album`
--

CREATE TABLE IF NOT EXISTS `a_joué_album` (
  `idAJoueAlbum` int(10) NOT NULL AUTO_INCREMENT,
  `idAlbum` int(10) NOT NULL,
  `idArtiste` int(10) NOT NULL,
  PRIMARY KEY (`idAJoueAlbum`),
  KEY `idAlbum` (`idAlbum`),
  KEY `idArtiste` (`idArtiste`)
) ENGINE=InnoDB  DEFAULT CHARSET=utf8 AUTO_INCREMENT=106 ;

--
-- Contenu de la table `a_joué_album`
--

INSERT INTO `a_joué_album` (`idAJoueAlbum`, `idAlbum`, `idArtiste`) VALUES
(1, 1, 1),
(2, 2, 1),
(3, 3, 2),
(4, 4, 2),
(5, 5, 4),
(6, 6, 5),
(7, 7, 5),
(8, 8, 6),
(9, 9, 8),
(10, 10, 9),
(11, 11, 10),
(12, 12, 2),
(13, 13, 16),
(14, 14, 19),
(15, 15, 20),
(16, 16, 21),
(17, 17, 24),
(18, 18, 25),
(19, 19, 28),
(20, 20, 32),
(21, 21, 33),
(22, 22, 34),
(23, 23, 35),
(24, 24, 36),
(25, 25, 36),
(26, 26, 37),
(27, 27, 40),
(28, 28, 41),
(29, 29, 41),
(30, 30, 41),
(31, 31, 41),
(32, 32, 42),
(33, 33, 42),
(34, 34, 44),
(35, 35, 44),
(36, 36, 45),
(37, 37, 49),
(38, 38, 67),
(39, 39, 68),
(40, 40, 68),
(41, 41, 72),
(42, 42, 75),
(43, 43, 76),
(44, 44, 78),
(45, 45, 80),
(46, 46, 80),
(47, 47, 80),
(48, 48, 80),
(49, 49, 80),
(50, 50, 80),
(51, 51, 83),
(52, 52, 84),
(53, 53, 85),
(54, 54, 88),
(55, 55, 91),
(56, 56, 91),
(57, 57, 93),
(58, 58, 93),
(59, 59, 93),
(60, 60, 93),
(61, 61, 93),
(62, 62, 93),
(63, 63, 93),
(64, 64, 93),
(65, 65, 93),
(66, 66, 93),
(67, 67, 93),
(68, 68, 93),
(69, 69, 93),
(70, 70, 93),
(71, 71, 93),
(72, 72, 95),
(73, 73, 95),
(74, 74, 95),
(75, 75, 95),
(76, 76, 95),
(77, 77, 95),
(78, 78, 95),
(79, 79, 96),
(80, 80, 96),
(81, 81, 98),
(82, 82, 99),
(83, 83, 99),
(84, 84, 102),
(85, 85, 103),
(86, 86, 104),
(87, 87, 104),
(88, 88, 104),
(89, 89, 105),
(90, 90, 106),
(91, 91, 108),
(92, 92, 109),
(93, 93, 111),
(94, 94, 111),
(95, 95, 111),
(96, 96, 113),
(97, 97, 113),
(98, 98, 113),
(99, 99, 114),
(100, 100, 115),
(101, 101, 116),
(102, 102, 117),
(103, 103, 117),
(104, 104, 122),
(105, 105, 123);

-- --------------------------------------------------------

--
-- Structure de la table `a_joué_piste`
--

CREATE TABLE IF NOT EXISTS `a_joué_piste` (
  `idAJouePiste` int(10) NOT NULL AUTO_INCREMENT,
  `idPiste` int(10) NOT NULL,
  `idArtiste` int(10) NOT NULL,
  PRIMARY KEY (`idAJouePiste`),
  KEY `idPiste` (`idPiste`),
  KEY `idArtiste` (`idArtiste`)
) ENGINE=InnoDB  DEFAULT CHARSET=utf8 AUTO_INCREMENT=1046 ;

--
-- Contenu de la table `a_joué_piste`
--

INSERT INTO `a_joué_piste` (`idAJouePiste`, `idPiste`, `idArtiste`) VALUES
(1, 1, 1),
(2, 2, 1),
(3, 3, 2),
(4, 3, 3),
(5, 4, 4),
(6, 5, 5),
(7, 6, 5),
(8, 7, 5),
(9, 8, 5),
(10, 9, 5),
(11, 10, 5),
(12, 11, 5),
(13, 12, 5),
(14, 13, 5),
(15, 14, 5),
(16, 15, 5),
(17, 16, 5),
(18, 17, 5),
(19, 18, 5),
(20, 19, 5),
(21, 20, 5),
(22, 21, 5),
(23, 22, 5),
(24, 23, 5),
(25, 24, 5),
(26, 25, 6),
(27, 26, 6),
(28, 27, 6),
(29, 28, 6),
(30, 29, 6),
(31, 30, 7),
(32, 31, 8),
(33, 32, 8),
(34, 33, 9),
(35, 34, 10),
(36, 35, 10),
(37, 36, 2),
(38, 37, 2),
(39, 38, 2),
(40, 39, 2),
(41, 40, 2),
(42, 41, 2),
(43, 42, 2),
(44, 43, 2),
(45, 44, 2),
(46, 45, 2),
(47, 46, 2),
(48, 47, 2),
(49, 48, 2),
(50, 49, 2),
(51, 50, 2),
(52, 51, 2),
(53, 52, 2),
(54, 53, 2),
(55, 54, 2),
(56, 55, 2),
(57, 56, 2),
(58, 57, 2),
(59, 58, 2),
(60, 59, 2),
(61, 60, 2),
(62, 61, 2),
(63, 62, 2),
(64, 63, 2),
(65, 64, 2),
(66, 65, 2),
(67, 66, 2),
(68, 67, 2),
(69, 68, 2),
(70, 69, 2),
(71, 70, 2),
(72, 71, 2),
(73, 72, 2),
(74, 73, 2),
(75, 74, 2),
(76, 75, 2),
(77, 76, 2),
(78, 77, 2),
(79, 78, 2),
(80, 79, 2),
(81, 80, 2),
(82, 81, 2),
(83, 82, 2),
(84, 83, 2),
(85, 84, 2),
(86, 85, 2),
(87, 86, 2),
(88, 87, 2),
(89, 88, 2),
(90, 89, 2),
(91, 90, 2),
(92, 91, 2),
(93, 92, 2),
(94, 93, 2),
(95, 94, 2),
(96, 95, 2),
(97, 96, 2),
(98, 97, 2),
(99, 98, 2),
(100, 99, 2),
(101, 100, 2),
(102, 101, 2),
(103, 102, 2),
(104, 103, 2),
(105, 104, 2),
(106, 105, 2),
(107, 106, 2),
(108, 107, 2),
(109, 108, 2),
(110, 109, 2),
(111, 110, 2),
(112, 111, 2),
(113, 112, 2),
(114, 113, 2),
(115, 114, 2),
(116, 115, 2),
(117, 116, 2),
(118, 117, 2),
(119, 118, 2),
(120, 119, 2),
(121, 120, 2),
(122, 121, 2),
(123, 122, 2),
(124, 123, 13),
(125, 124, 14),
(126, 125, 15),
(127, 126, 16),
(128, 127, 16),
(129, 128, 16),
(130, 129, 16),
(131, 130, 17),
(132, 131, 18),
(133, 132, 19),
(134, 133, 20),
(135, 134, 20),
(136, 135, 20),
(137, 136, 20),
(138, 137, 20),
(139, 138, 20),
(140, 139, 20),
(141, 140, 20),
(142, 141, 20),
(143, 142, 20),
(144, 143, 20),
(145, 144, 20),
(146, 145, 20),
(147, 146, 20),
(148, 147, 20),
(149, 148, 21),
(150, 149, 21),
(151, 150, 21),
(152, 151, 21),
(153, 152, 21),
(154, 153, 21),
(155, 154, 21),
(156, 155, 21),
(157, 156, 21),
(158, 157, 21),
(159, 158, 21),
(160, 159, 21),
(161, 160, 21),
(162, 161, 21),
(163, 162, 21),
(164, 163, 21),
(165, 164, 21),
(166, 165, 22),
(167, 166, 23),
(168, 167, 24),
(169, 168, 24),
(170, 169, 24),
(171, 170, 24),
(172, 171, 24),
(173, 172, 24),
(174, 173, 24),
(175, 174, 24),
(176, 175, 24),
(177, 176, 24),
(178, 177, 24),
(179, 178, 24),
(180, 179, 24),
(181, 180, 24),
(182, 181, 24),
(183, 182, 25),
(184, 183, 25),
(185, 184, 25),
(186, 185, 25),
(187, 186, 25),
(188, 187, 26),
(189, 188, 27),
(190, 189, 28),
(191, 190, 29),
(192, 191, 30),
(193, 192, 31),
(194, 193, 32),
(195, 194, 33),
(196, 195, 34),
(197, 196, 34),
(198, 197, 35),
(199, 198, 35),
(200, 199, 36),
(201, 200, 36),
(202, 201, 36),
(203, 202, 36),
(204, 203, 36),
(205, 204, 36),
(206, 205, 36),
(207, 206, 36),
(208, 207, 36),
(209, 208, 36),
(210, 209, 36),
(211, 210, 36),
(212, 211, 36),
(213, 212, 36),
(214, 213, 36),
(215, 214, 36),
(216, 215, 36),
(217, 216, 36),
(218, 217, 36),
(219, 218, 36),
(220, 219, 36),
(221, 220, 36),
(222, 221, 36),
(223, 222, 36),
(224, 223, 36),
(225, 224, 36),
(226, 225, 36),
(227, 226, 36),
(228, 227, 36),
(229, 228, 36),
(230, 229, 37),
(231, 230, 37),
(232, 231, 37),
(233, 232, 37),
(234, 233, 37),
(235, 234, 37),
(236, 235, 37),
(237, 236, 37),
(238, 237, 37),
(239, 238, 37),
(240, 239, 37),
(241, 240, 37),
(242, 241, 37),
(243, 242, 37),
(244, 243, 37),
(245, 244, 37),
(246, 245, 37),
(247, 246, 37),
(248, 247, 37),
(249, 248, 37),
(250, 249, 38),
(251, 250, 38),
(252, 251, 38),
(253, 252, 39),
(254, 253, 39),
(255, 254, 39),
(256, 255, 39),
(257, 256, 39),
(258, 257, 39),
(259, 258, 39),
(260, 259, 40),
(261, 260, 41),
(262, 261, 41),
(263, 262, 41),
(264, 263, 41),
(265, 264, 41),
(266, 265, 41),
(267, 266, 41),
(268, 267, 41),
(269, 268, 41),
(270, 269, 41),
(271, 270, 41),
(272, 271, 41),
(273, 272, 41),
(274, 273, 41),
(275, 274, 41),
(276, 275, 41),
(277, 276, 41),
(278, 277, 41),
(279, 278, 41),
(280, 279, 41),
(281, 280, 41),
(282, 281, 41),
(283, 282, 41),
(284, 283, 41),
(285, 284, 41),
(286, 285, 41),
(287, 286, 41),
(288, 287, 41),
(289, 288, 41),
(290, 289, 41),
(291, 290, 41),
(292, 291, 41),
(293, 292, 41),
(294, 293, 41),
(295, 294, 41),
(296, 295, 41),
(297, 296, 41),
(298, 297, 41),
(299, 298, 41),
(300, 299, 41),
(301, 300, 41),
(302, 301, 41),
(303, 302, 41),
(304, 303, 41),
(305, 304, 41),
(306, 305, 41),
(307, 306, 41),
(308, 307, 41),
(309, 308, 41),
(310, 309, 41),
(311, 310, 41),
(312, 311, 41),
(313, 312, 41),
(314, 313, 41),
(315, 314, 41),
(316, 315, 41),
(317, 316, 41),
(318, 317, 41),
(319, 318, 41),
(320, 319, 41),
(321, 320, 41),
(322, 321, 41),
(323, 322, 41),
(324, 323, 41),
(325, 324, 41),
(326, 325, 41),
(327, 326, 42),
(328, 327, 42),
(329, 328, 42),
(330, 329, 42),
(331, 330, 42),
(332, 331, 42),
(333, 332, 42),
(334, 333, 42),
(335, 334, 42),
(336, 335, 42),
(337, 336, 42),
(338, 337, 42),
(339, 338, 42),
(340, 339, 42),
(341, 340, 42),
(342, 341, 42),
(343, 342, 42),
(344, 343, 42),
(345, 344, 42),
(346, 345, 42),
(347, 346, 42),
(348, 347, 42),
(349, 348, 42),
(350, 349, 42),
(351, 350, 42),
(352, 351, 42),
(353, 352, 43),
(354, 353, 44),
(355, 354, 44),
(356, 355, 44),
(357, 356, 45),
(358, 357, 46),
(359, 358, 46),
(360, 359, 47),
(361, 360, 47),
(362, 361, 48),
(363, 362, 49),
(364, 363, 49),
(365, 364, 49),
(366, 365, 49),
(367, 366, 49),
(368, 367, 49),
(369, 368, 49),
(370, 369, 49),
(371, 370, 49),
(372, 371, 49),
(373, 372, 49),
(374, 373, 49),
(375, 374, 49),
(376, 375, 49),
(377, 376, 49),
(378, 377, 49),
(379, 378, 49),
(380, 379, 49),
(381, 380, 49),
(382, 381, 50),
(383, 382, 51),
(384, 383, 51),
(385, 384, 52),
(386, 385, 53),
(387, 386, 54),
(388, 387, 55),
(389, 388, 56),
(390, 389, 56),
(391, 390, 56),
(392, 391, 57),
(393, 392, 58),
(394, 393, 59),
(395, 394, 60),
(396, 395, 61),
(397, 396, 62),
(398, 397, 62),
(399, 398, 62),
(400, 399, 62),
(401, 400, 62),
(402, 401, 63),
(403, 402, 64),
(404, 403, 65),
(405, 404, 66),
(406, 405, 67),
(407, 406, 68),
(408, 407, 68),
(409, 408, 69),
(410, 409, 70),
(411, 410, 71),
(412, 411, 72),
(413, 412, 72),
(414, 413, 72),
(415, 414, 72),
(416, 415, 72),
(417, 416, 72),
(418, 417, 72),
(419, 418, 72),
(420, 419, 72),
(421, 420, 72),
(422, 421, 72),
(423, 422, 72),
(424, 423, 72),
(425, 424, 72),
(426, 425, 72),
(427, 426, 72),
(428, 427, 72),
(429, 428, 72),
(430, 429, 72),
(431, 430, 72),
(432, 431, 72),
(433, 432, 72),
(434, 433, 72),
(435, 434, 72),
(436, 435, 72),
(437, 436, 72),
(438, 437, 72),
(439, 438, 72),
(440, 439, 72),
(441, 440, 72),
(442, 441, 72),
(443, 442, 72),
(444, 443, 72),
(445, 444, 72),
(446, 445, 72),
(447, 446, 72),
(448, 447, 72),
(449, 448, 72),
(450, 449, 72),
(451, 450, 72),
(452, 451, 72),
(453, 452, 72),
(454, 453, 72),
(455, 454, 72),
(456, 455, 72),
(457, 456, 72),
(458, 457, 73),
(459, 458, 73),
(460, 459, 74),
(461, 460, 75),
(462, 461, 75),
(463, 462, 75),
(464, 463, 75),
(465, 464, 75),
(466, 465, 75),
(467, 466, 75),
(468, 467, 75),
(469, 468, 75),
(470, 469, 75),
(471, 470, 75),
(472, 471, 75),
(473, 472, 75),
(474, 473, 75),
(475, 474, 75),
(476, 475, 75),
(477, 476, 75),
(478, 477, 75),
(479, 478, 75),
(480, 479, 75),
(481, 480, 75),
(482, 481, 75),
(483, 482, 75),
(484, 483, 75),
(485, 484, 75),
(486, 485, 75),
(487, 486, 75),
(488, 487, 75),
(489, 488, 75),
(490, 489, 75),
(491, 490, 75),
(492, 491, 75),
(493, 492, 75),
(494, 493, 76),
(495, 494, 76),
(496, 495, 76),
(497, 496, 76),
(498, 497, 76),
(499, 498, 76),
(500, 499, 76),
(501, 500, 76),
(502, 501, 76),
(503, 502, 76),
(504, 503, 76),
(505, 504, 76),
(506, 505, 76),
(507, 506, 76),
(508, 507, 76),
(509, 508, 76),
(510, 509, 76),
(511, 510, 76),
(512, 511, 77),
(513, 512, 78),
(514, 513, 79),
(515, 514, 79),
(516, 515, 80),
(517, 516, 80),
(518, 517, 80),
(519, 518, 80),
(520, 519, 80),
(521, 520, 80),
(522, 521, 80),
(523, 522, 80),
(524, 523, 80),
(525, 524, 80),
(526, 525, 80),
(527, 526, 80),
(528, 527, 80),
(529, 528, 80),
(530, 529, 80),
(531, 530, 80),
(532, 531, 80),
(533, 532, 80),
(534, 533, 80),
(535, 534, 80),
(536, 535, 80),
(537, 536, 80),
(538, 537, 80),
(539, 538, 80),
(540, 539, 80),
(541, 540, 80),
(542, 541, 80),
(543, 542, 80),
(544, 543, 80),
(545, 544, 80),
(546, 545, 80),
(547, 546, 80),
(548, 547, 80),
(549, 548, 80),
(550, 549, 80),
(551, 550, 80),
(552, 551, 80),
(553, 552, 80),
(554, 553, 80),
(555, 554, 80),
(556, 555, 80),
(557, 556, 80),
(558, 557, 80),
(559, 558, 81),
(560, 559, 82),
(561, 560, 83),
(562, 561, 83),
(563, 562, 83),
(564, 563, 83),
(565, 564, 83),
(566, 565, 83),
(567, 566, 83),
(568, 567, 83),
(569, 568, 83),
(570, 569, 83),
(571, 570, 83),
(572, 571, 83),
(573, 572, 83),
(574, 573, 83),
(575, 574, 83),
(576, 575, 83),
(577, 576, 83),
(578, 577, 83),
(579, 578, 83),
(580, 579, 83),
(581, 580, 83),
(582, 581, 83),
(583, 582, 83),
(584, 583, 83),
(585, 584, 83),
(586, 585, 83),
(587, 586, 83),
(588, 587, 83),
(589, 588, 83),
(590, 589, 83),
(591, 590, 83),
(592, 591, 83),
(593, 592, 83),
(594, 593, 83),
(595, 594, 83),
(596, 595, 83),
(597, 596, 83),
(598, 597, 83),
(599, 598, 83),
(600, 599, 83),
(601, 600, 83),
(602, 601, 83),
(603, 602, 83),
(604, 603, 83),
(605, 604, 84),
(606, 605, 84),
(607, 606, 84),
(608, 607, 84),
(609, 608, 84),
(610, 609, 84),
(611, 610, 84),
(612, 611, 84),
(613, 612, 84),
(614, 613, 84),
(615, 614, 84),
(616, 615, 84),
(617, 616, 84),
(618, 617, 84),
(619, 618, 84),
(620, 619, 84),
(621, 620, 84),
(622, 621, 84),
(623, 622, 85),
(624, 623, 85),
(625, 624, 86),
(626, 625, 87),
(627, 626, 87),
(628, 627, 88),
(629, 628, 88),
(630, 629, 88),
(631, 630, 88),
(632, 631, 88),
(633, 632, 88),
(634, 633, 88),
(635, 634, 88),
(636, 635, 88),
(637, 636, 88),
(638, 637, 88),
(639, 638, 88),
(640, 639, 88),
(641, 640, 88),
(642, 641, 88),
(643, 642, 88),
(644, 643, 88),
(645, 644, 88),
(646, 645, 88),
(647, 646, 88),
(648, 647, 88),
(649, 648, 88),
(650, 649, 88),
(651, 650, 89),
(652, 651, 89),
(653, 652, 89),
(654, 653, 90),
(655, 654, 90),
(656, 655, 90),
(657, 656, 90),
(658, 657, 91),
(659, 658, 91),
(660, 659, 91),
(661, 660, 91),
(662, 661, 92),
(663, 662, 93),
(664, 663, 93),
(665, 664, 93),
(666, 665, 93),
(667, 666, 93),
(668, 667, 93),
(669, 668, 93),
(670, 669, 93),
(671, 670, 93),
(672, 671, 93),
(673, 672, 93),
(674, 673, 93),
(675, 674, 93),
(676, 675, 93),
(677, 676, 93),
(678, 677, 93),
(679, 678, 93),
(680, 679, 93),
(681, 680, 93),
(682, 681, 93),
(683, 682, 93),
(684, 683, 93),
(685, 684, 93),
(686, 685, 93),
(687, 686, 93),
(688, 687, 93),
(689, 688, 93),
(690, 689, 93),
(691, 690, 93),
(692, 691, 93),
(693, 692, 93),
(694, 693, 93),
(695, 694, 93),
(696, 695, 93),
(697, 696, 93),
(698, 697, 93),
(699, 698, 93),
(700, 699, 93),
(701, 700, 93),
(702, 701, 93),
(703, 702, 93),
(704, 703, 93),
(705, 704, 93),
(706, 705, 93),
(707, 706, 93),
(708, 707, 93),
(709, 708, 93),
(710, 709, 93),
(711, 710, 93),
(712, 711, 93),
(713, 712, 93),
(714, 713, 93),
(715, 714, 93),
(716, 715, 93),
(717, 716, 93),
(718, 717, 93),
(719, 718, 93),
(720, 719, 93),
(721, 720, 93),
(722, 721, 93),
(723, 722, 93),
(724, 723, 93),
(725, 724, 93),
(726, 725, 93),
(727, 726, 93),
(728, 727, 93),
(729, 728, 93),
(730, 729, 93),
(731, 730, 93),
(732, 731, 93),
(733, 732, 93),
(734, 733, 93),
(735, 734, 93),
(736, 735, 93),
(737, 736, 93),
(738, 737, 93),
(739, 738, 93),
(740, 739, 93),
(741, 740, 93),
(742, 741, 93),
(743, 742, 93),
(744, 743, 93),
(745, 744, 93),
(746, 745, 93),
(747, 746, 93),
(748, 747, 93),
(749, 748, 93),
(750, 749, 93),
(751, 750, 93),
(752, 751, 93),
(753, 752, 93),
(754, 753, 93),
(755, 754, 93),
(756, 755, 93),
(757, 756, 93),
(758, 757, 93),
(759, 758, 93),
(760, 759, 93),
(761, 760, 93),
(762, 761, 93),
(763, 762, 93),
(764, 763, 93),
(765, 764, 93),
(766, 765, 93),
(767, 766, 93),
(768, 767, 93),
(769, 768, 93),
(770, 769, 93),
(771, 770, 93),
(772, 771, 93),
(773, 772, 93),
(774, 773, 93),
(775, 774, 93),
(776, 775, 93),
(777, 776, 93),
(778, 777, 93),
(779, 778, 93),
(780, 779, 93),
(781, 780, 93),
(782, 781, 93),
(783, 782, 93),
(784, 783, 93),
(785, 784, 93),
(786, 785, 93),
(787, 786, 93),
(788, 787, 93),
(789, 788, 93),
(790, 789, 93),
(791, 790, 93),
(792, 791, 93),
(793, 792, 93),
(794, 793, 93),
(795, 794, 93),
(796, 795, 93),
(797, 796, 93),
(798, 797, 93),
(799, 798, 93),
(800, 799, 93),
(801, 800, 93),
(802, 801, 93),
(803, 802, 93),
(804, 803, 93),
(805, 804, 93),
(806, 805, 93),
(807, 806, 93),
(808, 807, 93),
(809, 808, 93),
(810, 809, 93),
(811, 810, 93),
(812, 811, 93),
(813, 812, 93),
(814, 813, 93),
(815, 814, 93),
(816, 815, 93),
(817, 816, 93),
(818, 817, 93),
(819, 818, 93),
(820, 819, 93),
(821, 820, 93),
(822, 821, 93),
(823, 822, 93),
(824, 823, 93),
(825, 824, 93),
(826, 825, 93),
(827, 826, 93),
(828, 827, 93),
(829, 828, 93),
(830, 829, 93),
(831, 830, 93),
(832, 831, 93),
(833, 832, 93),
(834, 833, 93),
(835, 834, 93),
(836, 835, 93),
(837, 836, 93),
(838, 837, 93),
(839, 838, 94),
(840, 839, 95),
(841, 840, 95),
(842, 841, 95),
(843, 842, 95),
(844, 843, 95),
(845, 844, 95),
(846, 845, 95),
(847, 846, 95),
(848, 847, 96),
(849, 848, 96),
(850, 849, 96),
(851, 850, 96),
(852, 851, 96),
(853, 852, 96),
(854, 853, 96),
(855, 854, 96),
(856, 855, 96),
(857, 856, 96),
(858, 857, 96),
(859, 858, 96),
(860, 859, 96),
(861, 860, 96),
(862, 861, 96),
(863, 862, 96),
(864, 863, 96),
(865, 864, 96),
(866, 865, 96),
(867, 866, 96),
(868, 867, 96),
(869, 868, 96),
(870, 869, 96),
(871, 870, 96),
(872, 871, 96),
(873, 872, 96),
(874, 873, 96),
(875, 874, 96),
(876, 875, 96),
(877, 876, 96),
(878, 877, 96),
(879, 878, 96),
(880, 879, 97),
(881, 880, 98),
(882, 881, 99),
(883, 882, 99),
(884, 883, 99),
(885, 884, 99),
(886, 885, 99),
(887, 886, 99),
(888, 887, 99),
(889, 888, 99),
(890, 889, 99),
(891, 890, 99),
(892, 891, 99),
(893, 892, 99),
(894, 893, 99),
(895, 894, 99),
(896, 895, 99),
(897, 896, 100),
(898, 897, 101),
(899, 898, 102),
(900, 899, 102),
(901, 900, 102),
(902, 901, 103),
(903, 902, 104),
(904, 903, 104),
(905, 904, 104),
(906, 905, 104),
(907, 906, 105),
(908, 907, 106),
(909, 908, 107),
(910, 909, 108),
(911, 910, 109),
(912, 911, 110),
(913, 912, 111),
(914, 913, 111),
(915, 914, 111),
(916, 915, 111),
(917, 916, 111),
(918, 917, 111),
(919, 918, 111),
(920, 919, 111),
(921, 920, 111),
(922, 921, 111),
(923, 922, 111),
(924, 923, 111),
(925, 924, 111),
(926, 925, 111),
(927, 926, 111),
(928, 927, 111),
(929, 928, 111),
(930, 929, 111),
(931, 930, 111),
(932, 931, 111),
(933, 932, 111),
(934, 933, 111),
(935, 934, 111),
(936, 935, 111),
(937, 936, 111),
(938, 937, 111),
(939, 938, 111),
(940, 939, 111),
(941, 940, 111),
(942, 941, 111),
(943, 942, 111),
(944, 943, 111),
(945, 944, 111),
(946, 945, 111),
(947, 946, 111),
(948, 947, 111),
(949, 948, 111),
(950, 949, 112),
(951, 950, 113),
(952, 951, 113),
(953, 952, 113),
(954, 953, 113),
(955, 954, 113),
(956, 955, 113),
(957, 956, 113),
(958, 957, 113),
(959, 958, 113),
(960, 959, 113),
(961, 960, 113),
(962, 961, 113),
(963, 962, 113),
(964, 963, 113),
(965, 964, 113),
(966, 965, 113),
(967, 966, 113),
(968, 967, 113),
(969, 968, 113),
(970, 969, 113),
(971, 970, 113),
(972, 971, 113),
(973, 972, 113),
(974, 973, 113),
(975, 974, 113),
(976, 975, 113),
(977, 976, 113),
(978, 977, 113),
(979, 978, 113),
(980, 979, 113),
(981, 980, 113),
(982, 981, 113),
(983, 982, 113),
(984, 983, 113),
(985, 984, 113),
(986, 985, 113),
(987, 986, 113),
(988, 987, 113),
(989, 988, 113),
(990, 989, 113),
(991, 990, 113),
(992, 991, 114),
(993, 992, 115),
(994, 993, 116),
(995, 994, 117),
(996, 995, 117),
(997, 996, 117),
(998, 997, 117),
(999, 998, 117),
(1000, 999, 117),
(1001, 1000, 117),
(1002, 1001, 117),
(1003, 1002, 117),
(1004, 1003, 117),
(1005, 1004, 117),
(1006, 1005, 117),
(1007, 1006, 117),
(1008, 1007, 117),
(1009, 1008, 117),
(1010, 1009, 117),
(1011, 1010, 117),
(1012, 1011, 117),
(1013, 1012, 117),
(1014, 1013, 117),
(1015, 1014, 117),
(1016, 1015, 117),
(1017, 1016, 117),
(1018, 1017, 117),
(1019, 1018, 118),
(1020, 1019, 119),
(1021, 1020, 120),
(1022, 1021, 121),
(1023, 1022, 122),
(1024, 1023, 122),
(1025, 1024, 122),
(1026, 1025, 122),
(1027, 1026, 122),
(1028, 1027, 122),
(1029, 1028, 122),
(1030, 1029, 122),
(1031, 1030, 122),
(1032, 1031, 122),
(1033, 1032, 122),
(1034, 1033, 122),
(1035, 1034, 122),
(1036, 1035, 122),
(1037, 1036, 122),
(1038, 1037, 122),
(1039, 1038, 122),
(1040, 1039, 122),
(1041, 1040, 122),
(1042, 1041, 122),
(1043, 1042, 122),
(1044, 1043, 123),
(1045, 1044, 124);

-- --------------------------------------------------------

--
-- Structure de la table `bibliotheque`
--

CREATE TABLE IF NOT EXISTS `bibliotheque` (
  `idBibliotheque` int(10) NOT NULL AUTO_INCREMENT,
  `titre` varchar(255) NOT NULL DEFAULT 'Nouvelle bibliothèque',
  `predef` tinyint(1) NOT NULL,
  PRIMARY KEY (`idBibliotheque`)
) ENGINE=InnoDB  DEFAULT CHARSET=utf8 AUTO_INCREMENT=9 ;

--
-- Contenu de la table `bibliotheque`
--

INSERT INTO `bibliotheque` (`idBibliotheque`, `titre`, `predef`) VALUES
(1, 'Catalogue perso', 0),
(2, 'Catalogue perso', 0),
(3, 'Catalogue perso', 0),
(4, 'powerwolf', 1);

-- --------------------------------------------------------

--
-- Structure de la table `contenu_bibliotheque`
--

CREATE TABLE IF NOT EXISTS `contenu_bibliotheque` (
  `idContenu_bibliotheque` int(10) NOT NULL AUTO_INCREMENT,
  `idBibliotheque` int(10) NOT NULL,
  `idPiste` int(10) NOT NULL,
  PRIMARY KEY (`idContenu_bibliotheque`),
  KEY `idBibliotheque` (`idBibliotheque`),
  KEY `idPiste` (`idPiste`)
) ENGINE=InnoDB  DEFAULT CHARSET=utf8 AUTO_INCREMENT=52 ;

--
-- Contenu de la table `contenu_bibliotheque`
--

INSERT INTO `contenu_bibliotheque` (`idContenu_bibliotheque`, `idBibliotheque`, `idPiste`) VALUES
(17, 1, 3),
(18, 1, 2),
(19, 1, 1),
(20, 1, 5),
(21, 1, 9),
(22, 1, 7),
(23, 1, 10),
(24, 1, 11),
(25, 1, 839),
(26, 1, 840),
(27, 1, 842),
(28, 1, 844),
(29, 1, 846),
(30, 1, 12),
(31, 1, 14),
(32, 1, 17),
(33, 1, 18),
(34, 1, 199),
(35, 1, 200),
(36, 1, 202),
(37, 1, 205),
(38, 1, 206),
(39, 1, 209),
(40, 1, 23),
(41, 1, 24),
(42, 4, 657),
(43, 4, 658),
(44, 4, 659),
(45, 4, 660),
(46, 2, 1),
(47, 2, 2),
(48, 2, 11),
(49, 2, 35),
(51, 2, 533);

-- --------------------------------------------------------

--
-- Structure de la table `est_du_genre_album`
--

CREATE TABLE IF NOT EXISTS `est_du_genre_album` (
  `idEstDuGenreAlbum` int(10) NOT NULL AUTO_INCREMENT,
  `idAlbum` int(10) NOT NULL,
  `idGenre` int(10) NOT NULL,
  PRIMARY KEY (`idEstDuGenreAlbum`),
  KEY `idAlbum` (`idAlbum`),
  KEY `idGenre` (`idGenre`)
) ENGINE=InnoDB  DEFAULT CHARSET=utf8 AUTO_INCREMENT=145 ;

--
-- Contenu de la table `est_du_genre_album`
--

INSERT INTO `est_du_genre_album` (`idEstDuGenreAlbum`, `idAlbum`, `idGenre`) VALUES
(1, 1, 6),
(2, 2, 6),
(3, 1, 1),
(4, 2, 1),
(5, 3, 9),
(6, 4, 9),
(7, 5, 9),
(8, 6, 1),
(9, 7, 10),
(10, 8, 11),
(11, 9, 2),
(12, 10, 9),
(13, 11, 1),
(14, 12, 12),
(15, 13, 11),
(16, 14, 19),
(17, 14, 18),
(18, 15, 5),
(19, 16, 8),
(20, 17, 1),
(21, 18, 11),
(22, 19, 34),
(23, 20, 20),
(24, 20, 1),
(25, 21, 2),
(26, 22, 2),
(27, 23, 11),
(28, 24, 20),
(29, 25, 20),
(30, 26, 7),
(31, 27, 20),
(32, 27, 1),
(33, 28, 21),
(34, 29, 20),
(35, 30, 12),
(36, 30, 1),
(37, 30, 28),
(38, 31, 21),
(39, 31, 12),
(40, 32, 26),
(41, 33, 1),
(42, 34, 27),
(43, 35, 27),
(44, 36, 2),
(45, 37, 7),
(46, 38, 20),
(47, 38, 1),
(48, 39, 20),
(49, 39, 1),
(50, 40, 20),
(51, 40, 1),
(52, 41, 1),
(53, 42, 7),
(54, 43, 7),
(55, 44, 31),
(56, 45, 20),
(57, 46, 28),
(58, 47, 1),
(59, 48, 15),
(60, 48, 32),
(61, 48, 16),
(62, 48, 68),
(63, 49, 34),
(64, 49, 35),
(65, 50, 34),
(66, 50, 35),
(67, 51, 39),
(68, 52, 8),
(69, 53, 20),
(70, 53, 1),
(71, 54, 9),
(72, 55, 2),
(73, 56, 43),
(74, 57, 44),
(75, 57, 15),
(76, 57, 69),
(77, 57, 12),
(78, 58, 12),
(79, 59, 12),
(80, 60, 26),
(81, 60, 7),
(82, 60, 1),
(83, 61, 26),
(84, 62, 7),
(85, 63, 29),
(86, 63, 3),
(87, 64, 11),
(88, 65, 1),
(89, 65, 15),
(90, 66, 1),
(91, 67, 26),
(92, 67, 1),
(93, 68, 26),
(94, 68, 1),
(95, 69, 26),
(96, 69, 1),
(97, 70, 26),
(98, 71, 10),
(99, 72, 7),
(100, 73, 7),
(101, 74, 7),
(102, 75, 7),
(103, 76, 7),
(104, 77, 7),
(105, 78, 7),
(106, 79, 1),
(107, 80, 1),
(108, 81, 2),
(109, 82, 1),
(110, 83, 26),
(111, 84, 42),
(112, 85, 35),
(113, 86, 59),
(114, 86, 1),
(115, 87, 59),
(116, 87, 1),
(117, 88, 60),
(118, 88, 61),
(119, 89, 2),
(120, 90, 62),
(121, 90, 1),
(122, 91, 7),
(123, 92, 27),
(124, 93, 34),
(125, 93, 10),
(126, 93, 73),
(127, 94, 15),
(128, 94, 43),
(129, 95, 10),
(130, 95, 2),
(131, 96, 64),
(132, 97, 7),
(133, 97, 1),
(134, 98, 1),
(135, 99, 62),
(136, 99, 67),
(137, 100, 35),
(138, 100, 1),
(139, 101, 35),
(140, 102, 1),
(141, 103, 1),
(142, 104, 7),
(143, 104, 9),
(144, 105, 2);

-- --------------------------------------------------------

--
-- Structure de la table `est_du_genre_piste`
--

CREATE TABLE IF NOT EXISTS `est_du_genre_piste` (
  `idEstDuGenrePiste` int(10) NOT NULL AUTO_INCREMENT,
  `idPiste` int(10) NOT NULL,
  `idGenre` int(10) NOT NULL,
  PRIMARY KEY (`idEstDuGenrePiste`),
  KEY `idPiste` (`idPiste`),
  KEY `idGenre` (`idGenre`)
) ENGINE=InnoDB  DEFAULT CHARSET=utf8 AUTO_INCREMENT=1388 ;

--
-- Contenu de la table `est_du_genre_piste`
--

INSERT INTO `est_du_genre_piste` (`idEstDuGenrePiste`, `idPiste`, `idGenre`) VALUES
(1, 1, 1),
(2, 1, 6),
(3, 2, 1),
(4, 2, 6),
(5, 3, 9),
(6, 4, 9),
(7, 5, 1),
(8, 6, 10),
(9, 7, 10),
(10, 8, 10),
(11, 9, 1),
(12, 10, 4),
(13, 11, 1),
(14, 12, 10),
(15, 13, 10),
(16, 14, 1),
(17, 15, 10),
(18, 16, 10),
(19, 17, 1),
(20, 18, 1),
(21, 19, 1),
(22, 20, 10),
(23, 21, 10),
(24, 22, 10),
(25, 23, 1),
(26, 24, 1),
(27, 25, 11),
(28, 26, 11),
(29, 27, 11),
(30, 28, 11),
(31, 29, 11),
(32, 30, 11),
(33, 31, 2),
(34, 32, 2),
(35, 33, 9),
(36, 34, 1),
(37, 35, 1),
(38, 36, 12),
(39, 37, 12),
(40, 38, 12),
(41, 39, 12),
(42, 40, 7),
(43, 41, 12),
(44, 42, 7),
(45, 43, 9),
(46, 44, 7),
(47, 45, 7),
(48, 46, 7),
(49, 47, 7),
(50, 48, 12),
(51, 49, 12),
(52, 50, 7),
(53, 51, 12),
(54, 52, 12),
(55, 53, 7),
(56, 54, 7),
(57, 55, 7),
(58, 56, 12),
(59, 56, 13),
(60, 57, 12),
(61, 58, 9),
(62, 59, 12),
(63, 60, 9),
(64, 61, 12),
(65, 62, 12),
(66, 63, 9),
(67, 64, 12),
(68, 65, 9),
(69, 66, 9),
(70, 67, 7),
(71, 68, 12),
(72, 69, 9),
(73, 70, 7),
(74, 71, 12),
(75, 72, 9),
(76, 72, 12),
(77, 73, 12),
(78, 73, 14),
(79, 73, 13),
(80, 74, 7),
(81, 75, 9),
(82, 76, 7),
(83, 77, 7),
(84, 78, 15),
(85, 78, 16),
(86, 79, 7),
(87, 80, 7),
(88, 81, 12),
(89, 82, 12),
(90, 83, 9),
(91, 84, 7),
(92, 85, 7),
(93, 86, 9),
(94, 87, 7),
(95, 88, 9),
(96, 88, 7),
(97, 89, 15),
(98, 89, 16),
(99, 90, 7),
(100, 91, 12),
(101, 92, 12),
(102, 92, 14),
(103, 92, 13),
(104, 93, 7),
(105, 94, 13),
(106, 95, 7),
(107, 96, 7),
(108, 97, 7),
(109, 98, 12),
(110, 98, 14),
(111, 98, 13),
(112, 99, 12),
(113, 99, 14),
(114, 99, 13),
(115, 100, 12),
(116, 101, 17),
(117, 101, 13),
(118, 102, 12),
(119, 103, 7),
(120, 104, 9),
(121, 104, 12),
(122, 104, 17),
(123, 105, 7),
(124, 106, 12),
(125, 107, 12),
(126, 108, 7),
(127, 109, 7),
(128, 110, 12),
(129, 110, 13),
(130, 110, 9),
(131, 111, 7),
(132, 112, 12),
(133, 113, 12),
(134, 113, 14),
(135, 113, 13),
(136, 114, 12),
(137, 115, 12),
(138, 116, 7),
(139, 117, 12),
(140, 118, 7),
(141, 119, 12),
(142, 120, 12),
(143, 121, 11),
(144, 122, 9),
(145, 123, 9),
(146, 124, 9),
(147, 125, 9),
(148, 126, 11),
(149, 127, 11),
(150, 128, 11),
(151, 129, 11),
(152, 130, 18),
(153, 131, 9),
(154, 132, 19),
(155, 132, 18),
(156, 133, 5),
(157, 134, 5),
(158, 135, 5),
(159, 136, 5),
(160, 137, 5),
(161, 138, 5),
(162, 139, 5),
(163, 140, 5),
(164, 141, 5),
(165, 142, 5),
(166, 143, 5),
(167, 144, 5),
(168, 145, 5),
(169, 146, 5),
(170, 147, 5),
(171, 148, 8),
(172, 149, 8),
(173, 150, 8),
(174, 151, 8),
(175, 152, 8),
(176, 153, 8),
(177, 154, 8),
(178, 155, 8),
(179, 156, 8),
(180, 157, 8),
(181, 158, 8),
(182, 159, 8),
(183, 160, 8),
(184, 161, 8),
(185, 162, 8),
(186, 163, 8),
(187, 164, 8),
(188, 165, 9),
(189, 166, 11),
(190, 167, 1),
(191, 168, 28),
(192, 169, 1),
(193, 170, 1),
(194, 171, 28),
(195, 172, 1),
(196, 173, 1),
(197, 174, 1),
(198, 175, 1),
(199, 176, 1),
(200, 177, 1),
(201, 178, 28),
(202, 179, 28),
(203, 180, 1),
(204, 181, 28),
(205, 182, 11),
(206, 183, 11),
(207, 184, 11),
(208, 185, 11),
(209, 186, 11),
(210, 187, 9),
(211, 188, 9),
(212, 189, 34),
(213, 190, 9),
(214, 191, 11),
(215, 192, 9),
(216, 193, 20),
(217, 193, 1),
(218, 194, 2),
(219, 195, 2),
(220, 196, 2),
(221, 197, 11),
(222, 198, 11),
(223, 199, 20),
(224, 200, 20),
(225, 201, 20),
(226, 202, 20),
(227, 203, 20),
(228, 204, 20),
(229, 205, 20),
(230, 206, 20),
(231, 207, 20),
(232, 208, 20),
(233, 209, 20),
(234, 210, 20),
(235, 211, 20),
(236, 212, 20),
(237, 213, 20),
(238, 214, 20),
(239, 215, 20),
(240, 216, 20),
(241, 217, 20),
(242, 218, 20),
(243, 219, 20),
(244, 220, 20),
(245, 221, 20),
(246, 222, 20),
(247, 223, 20),
(248, 224, 20),
(249, 225, 20),
(250, 226, 20),
(251, 227, 20),
(252, 228, 20),
(253, 229, 7),
(254, 230, 7),
(255, 231, 7),
(256, 232, 7),
(257, 233, 7),
(258, 234, 7),
(259, 235, 7),
(260, 236, 7),
(261, 237, 7),
(262, 238, 7),
(263, 239, 7),
(264, 240, 7),
(265, 241, 7),
(266, 242, 7),
(267, 243, 7),
(268, 244, 7),
(269, 245, 7),
(270, 246, 7),
(271, 247, 7),
(272, 248, 7),
(273, 249, 11),
(274, 250, 11),
(275, 251, 11),
(276, 252, 11),
(277, 253, 11),
(278, 254, 11),
(279, 255, 11),
(280, 256, 11),
(281, 257, 11),
(282, 258, 11),
(283, 259, 20),
(284, 259, 1),
(285, 260, 21),
(286, 261, 21),
(287, 262, 20),
(288, 263, 12),
(289, 263, 1),
(290, 263, 28),
(291, 264, 21),
(292, 264, 12),
(293, 265, 20),
(294, 266, 21),
(295, 267, 20),
(296, 268, 20),
(297, 269, 20),
(298, 270, 20),
(299, 271, 21),
(300, 271, 12),
(301, 272, 21),
(302, 273, 20),
(303, 274, 12),
(304, 274, 1),
(305, 274, 28),
(306, 275, 21),
(307, 276, 21),
(308, 277, 12),
(309, 277, 1),
(310, 277, 28),
(311, 278, 22),
(312, 278, 28),
(313, 278, 12),
(314, 279, 21),
(315, 280, 12),
(316, 280, 1),
(317, 280, 28),
(318, 281, 22),
(319, 281, 28),
(320, 281, 12),
(321, 282, 21),
(322, 282, 12),
(323, 283, 21),
(324, 283, 12),
(325, 284, 23),
(326, 284, 24),
(327, 285, 12),
(328, 285, 1),
(329, 285, 28),
(330, 286, 21),
(331, 287, 21),
(332, 287, 12),
(333, 288, 20),
(334, 289, 20),
(335, 290, 28),
(336, 290, 21),
(337, 291, 21),
(338, 291, 12),
(339, 292, 21),
(340, 293, 20),
(341, 294, 21),
(342, 294, 12),
(343, 295, 21),
(344, 296, 20),
(345, 297, 12),
(346, 297, 1),
(347, 297, 28),
(348, 298, 21),
(349, 299, 20),
(350, 300, 12),
(351, 300, 1),
(352, 300, 28),
(353, 301, 21),
(354, 301, 12),
(355, 302, 21),
(356, 303, 12),
(357, 303, 1),
(358, 303, 28),
(359, 304, 21),
(360, 305, 25),
(361, 305, 13),
(362, 305, 17),
(363, 306, 12),
(364, 306, 1),
(365, 306, 28),
(366, 307, 21),
(367, 307, 12),
(368, 308, 20),
(369, 309, 12),
(370, 309, 1),
(371, 309, 28),
(372, 310, 12),
(373, 310, 1),
(374, 310, 28),
(375, 311, 21),
(376, 312, 12),
(377, 312, 1),
(378, 312, 28),
(379, 313, 12),
(380, 313, 1),
(381, 313, 28),
(382, 314, 21),
(383, 314, 12),
(384, 315, 21),
(385, 316, 12),
(386, 316, 1),
(387, 316, 28),
(388, 317, 21),
(389, 318, 21),
(390, 318, 12),
(391, 319, 12),
(392, 319, 1),
(393, 319, 28),
(394, 320, 20),
(395, 321, 21),
(396, 321, 12),
(397, 322, 28),
(398, 323, 21),
(399, 324, 21),
(400, 324, 12),
(401, 325, 20),
(402, 326, 26),
(403, 327, 26),
(404, 328, 26),
(405, 329, 1),
(406, 330, 1),
(407, 331, 1),
(408, 332, 26),
(409, 333, 26),
(410, 334, 1),
(411, 335, 26),
(412, 336, 26),
(413, 337, 1),
(414, 338, 26),
(415, 339, 26),
(416, 340, 1),
(417, 341, 1),
(418, 342, 26),
(419, 343, 26),
(420, 344, 26),
(421, 345, 26),
(422, 346, 26),
(423, 347, 26),
(424, 348, 26),
(425, 349, 26),
(426, 350, 26),
(427, 351, 26),
(428, 352, 9),
(429, 353, 27),
(430, 354, 27),
(431, 355, 27),
(432, 356, 2),
(433, 357, 11),
(434, 358, 11),
(435, 359, 11),
(436, 360, 11),
(437, 361, 11),
(438, 362, 11),
(439, 363, 7),
(440, 364, 11),
(441, 365, 7),
(442, 366, 7),
(443, 367, 7),
(444, 368, 11),
(445, 369, 11),
(446, 370, 7),
(447, 371, 11),
(448, 372, 11),
(449, 373, 7),
(450, 374, 7),
(451, 375, 11),
(452, 376, 11),
(453, 377, 7),
(454, 378, 7),
(455, 379, 7),
(456, 380, 11),
(457, 381, 11),
(458, 382, 11),
(459, 383, 11),
(460, 384, 11),
(461, 385, 9),
(462, 386, 9),
(463, 387, 35),
(464, 388, 11),
(465, 389, 11),
(466, 390, 11),
(467, 391, 11),
(468, 392, 9),
(469, 393, 11),
(470, 394, 11),
(471, 395, 11),
(472, 396, 11),
(473, 397, 11),
(474, 398, 11),
(475, 399, 11),
(476, 400, 11),
(477, 401, 11),
(478, 402, 11),
(479, 403, 9),
(480, 404, 11),
(481, 405, 20),
(482, 405, 1),
(483, 406, 20),
(484, 406, 1),
(485, 407, 20),
(486, 407, 1),
(487, 408, 9),
(488, 409, 9),
(489, 410, 9),
(490, 411, 1),
(491, 412, 7),
(492, 413, 7),
(493, 414, 7),
(494, 415, 7),
(495, 416, 7),
(496, 417, 7),
(497, 418, 7),
(498, 419, 7),
(499, 420, 7),
(500, 421, 7),
(501, 422, 7),
(502, 423, 7),
(503, 424, 28),
(504, 424, 29),
(505, 425, 7),
(506, 426, 7),
(507, 427, 7),
(508, 428, 1),
(509, 429, 7),
(510, 430, 1),
(511, 431, 7),
(512, 432, 7),
(513, 433, 38),
(514, 434, 7),
(515, 435, 7),
(516, 436, 7),
(517, 437, 7),
(518, 438, 7),
(519, 439, 7),
(520, 440, 7),
(521, 441, 7),
(522, 442, 7),
(523, 443, 7),
(524, 444, 7),
(525, 445, 7),
(526, 446, 7),
(527, 447, 7),
(528, 448, 7),
(529, 449, 7),
(530, 450, 7),
(531, 451, 7),
(532, 452, 12),
(533, 452, 29),
(534, 453, 7),
(535, 454, 7),
(536, 455, 7),
(537, 456, 7),
(538, 457, 11),
(539, 458, 11),
(540, 459, 9),
(541, 460, 7),
(542, 461, 7),
(543, 462, 7),
(544, 463, 7),
(545, 464, 30),
(546, 465, 7),
(547, 466, 7),
(548, 467, 7),
(549, 468, 7),
(550, 469, 7),
(551, 470, 7),
(552, 471, 7),
(553, 472, 7),
(554, 473, 7),
(555, 474, 30),
(556, 475, 7),
(557, 476, 30),
(558, 477, 7),
(559, 478, 7),
(560, 479, 30),
(561, 480, 7),
(562, 481, 7),
(563, 482, 7),
(564, 483, 7),
(565, 484, 7),
(566, 485, 7),
(567, 486, 7),
(568, 487, 7),
(569, 488, 7),
(570, 489, 7),
(571, 490, 7),
(572, 491, 7),
(573, 492, 7),
(574, 493, 7),
(575, 494, 7),
(576, 495, 7),
(577, 496, 7),
(578, 497, 7),
(579, 498, 7),
(580, 499, 7),
(581, 500, 7),
(582, 501, 7),
(583, 502, 7),
(584, 503, 7),
(585, 504, 7),
(586, 505, 7),
(587, 506, 7),
(588, 507, 7),
(589, 508, 7),
(590, 509, 7),
(591, 510, 7),
(592, 511, 11),
(593, 512, 31),
(594, 513, 11),
(595, 514, 11),
(596, 515, 20),
(597, 516, 28),
(598, 517, 1),
(599, 518, 28),
(600, 519, 1),
(601, 520, 1),
(602, 521, 20),
(603, 522, 20),
(604, 523, 20),
(605, 524, 1),
(606, 525, 15),
(607, 525, 32),
(608, 526, 1),
(609, 527, 56),
(610, 527, 33),
(611, 527, 36),
(612, 528, 15),
(613, 528, 32),
(614, 528, 16),
(615, 528, 68),
(616, 529, 1),
(617, 530, 1),
(618, 531, 34),
(619, 531, 35),
(620, 532, 1),
(621, 533, 34),
(622, 533, 35),
(623, 534, 20),
(624, 535, 28),
(625, 536, 28),
(626, 537, 20),
(627, 538, 20),
(628, 539, 34),
(629, 539, 35),
(630, 540, 20),
(631, 541, 1),
(632, 542, 1),
(633, 543, 1),
(634, 544, 34),
(635, 544, 35),
(636, 545, 1),
(637, 546, 15),
(638, 546, 16),
(639, 546, 10),
(640, 547, 36),
(641, 547, 16),
(642, 548, 20),
(643, 549, 20),
(644, 550, 1),
(645, 551, 1),
(646, 552, 34),
(647, 552, 35),
(648, 553, 37),
(649, 553, 38),
(650, 553, 13),
(651, 554, 15),
(652, 554, 32),
(653, 554, 16),
(654, 554, 68),
(655, 555, 34),
(656, 555, 35),
(657, 556, 20),
(658, 557, 20),
(659, 558, 9),
(660, 559, 9),
(661, 560, 39),
(662, 561, 39),
(663, 562, 39),
(664, 563, 28),
(665, 563, 39),
(666, 564, 39),
(667, 565, 28),
(668, 565, 39),
(669, 566, 39),
(670, 567, 39),
(671, 568, 39),
(672, 569, 39),
(673, 570, 39),
(674, 571, 39),
(675, 572, 39),
(676, 573, 28),
(677, 573, 39),
(678, 574, 39),
(679, 575, 28),
(680, 575, 39),
(681, 576, 28),
(682, 576, 39),
(683, 577, 28),
(684, 577, 39),
(685, 578, 28),
(686, 578, 39),
(687, 579, 28),
(688, 580, 39),
(689, 581, 28),
(690, 581, 39),
(691, 582, 28),
(692, 582, 39),
(693, 583, 40),
(694, 583, 39),
(695, 584, 28),
(696, 585, 39),
(697, 586, 28),
(698, 586, 39),
(699, 587, 39),
(700, 588, 28),
(701, 588, 39),
(702, 589, 41),
(703, 589, 39),
(704, 590, 28),
(705, 590, 39),
(706, 591, 28),
(707, 591, 39),
(708, 592, 39),
(709, 593, 39),
(710, 594, 39),
(711, 595, 28),
(712, 595, 39),
(713, 596, 41),
(714, 596, 39),
(715, 597, 39),
(716, 598, 39),
(717, 599, 42),
(718, 599, 39),
(719, 600, 28),
(720, 600, 39),
(721, 601, 28),
(722, 601, 39),
(723, 602, 28),
(724, 602, 39),
(725, 603, 39),
(726, 604, 8),
(727, 605, 8),
(728, 606, 8),
(729, 607, 8),
(730, 608, 8),
(731, 609, 8),
(732, 610, 8),
(733, 611, 8),
(734, 612, 8),
(735, 613, 8),
(736, 614, 8),
(737, 615, 8),
(738, 616, 8),
(739, 617, 8),
(740, 618, 8),
(741, 619, 8),
(742, 620, 8),
(743, 621, 8),
(744, 622, 20),
(745, 622, 1),
(746, 623, 20),
(747, 623, 1),
(748, 624, 9),
(749, 625, 11),
(750, 626, 11),
(751, 627, 9),
(752, 628, 9),
(753, 629, 9),
(754, 630, 9),
(755, 631, 9),
(756, 632, 9),
(757, 633, 9),
(758, 634, 9),
(759, 635, 9),
(760, 636, 9),
(761, 637, 9),
(762, 638, 9),
(763, 639, 9),
(764, 640, 9),
(765, 641, 9),
(766, 642, 9),
(767, 643, 9),
(768, 644, 9),
(769, 645, 9),
(770, 646, 9),
(771, 647, 9),
(772, 648, 9),
(773, 649, 9),
(774, 650, 11),
(775, 651, 11),
(776, 652, 11),
(777, 653, 11),
(778, 654, 11),
(779, 655, 11),
(780, 656, 11),
(781, 657, 2),
(782, 658, 43),
(783, 659, 1),
(784, 660, 2),
(785, 660, 1),
(786, 661, 11),
(787, 662, 44),
(788, 662, 15),
(789, 662, 69),
(790, 662, 12),
(791, 663, 12),
(792, 664, 12),
(793, 665, 12),
(794, 666, 26),
(795, 666, 7),
(796, 666, 1),
(797, 667, 26),
(798, 668, 7),
(799, 669, 29),
(800, 669, 3),
(801, 670, 11),
(802, 671, 29),
(803, 672, 11),
(804, 673, 1),
(805, 673, 15),
(806, 674, 26),
(807, 675, 3),
(808, 675, 12),
(809, 675, 18),
(810, 676, 45),
(811, 676, 10),
(812, 677, 1),
(813, 678, 26),
(814, 678, 1),
(815, 679, 26),
(816, 679, 1),
(817, 680, 7),
(818, 681, 26),
(819, 682, 26),
(820, 683, 26),
(821, 683, 7),
(822, 683, 1),
(823, 684, 11),
(824, 685, 46),
(825, 685, 1),
(826, 686, 7),
(827, 687, 1),
(828, 687, 47),
(829, 687, 26),
(830, 687, 70),
(831, 688, 26),
(832, 688, 1),
(833, 689, 26),
(834, 689, 1),
(835, 690, 7),
(836, 691, 26),
(837, 691, 1),
(838, 692, 1),
(839, 693, 48),
(840, 694, 1),
(841, 695, 26),
(842, 696, 1),
(843, 697, 26),
(844, 698, 26),
(845, 698, 1),
(846, 699, 11),
(847, 700, 11),
(848, 701, 10),
(849, 702, 26),
(850, 703, 26),
(851, 703, 1),
(852, 704, 11),
(853, 705, 11),
(854, 706, 11),
(855, 707, 26),
(856, 707, 1),
(857, 708, 11),
(858, 709, 26),
(859, 709, 1),
(860, 710, 10),
(861, 710, 49),
(862, 711, 10),
(863, 711, 49),
(864, 712, 26),
(865, 713, 26),
(866, 714, 26),
(867, 714, 1),
(868, 715, 26),
(869, 715, 1),
(870, 716, 50),
(871, 717, 26),
(872, 717, 1),
(873, 718, 48),
(874, 718, 51),
(875, 719, 1),
(876, 720, 10),
(877, 721, 26),
(878, 722, 26),
(879, 723, 1),
(880, 723, 49),
(881, 724, 7),
(882, 725, 10),
(883, 726, 1),
(884, 727, 12),
(885, 727, 3),
(886, 728, 26),
(887, 729, 26),
(888, 730, 26),
(889, 730, 1),
(890, 731, 26),
(891, 732, 11),
(892, 733, 26),
(893, 733, 1),
(894, 734, 26),
(895, 734, 1),
(896, 735, 11),
(897, 736, 10),
(898, 736, 15),
(899, 736, 57),
(900, 736, 71),
(901, 737, 26),
(902, 738, 1),
(903, 739, 1),
(904, 740, 48),
(905, 741, 10),
(906, 741, 1),
(907, 742, 1),
(908, 743, 1),
(909, 744, 26),
(910, 745, 10),
(911, 746, 26),
(912, 747, 1),
(913, 748, 12),
(914, 749, 26),
(915, 749, 1),
(916, 750, 26),
(917, 751, 1),
(918, 751, 47),
(919, 751, 26),
(920, 751, 70),
(921, 752, 1),
(922, 752, 52),
(923, 753, 15),
(924, 754, 26),
(925, 754, 7),
(926, 754, 1),
(927, 755, 1),
(928, 756, 26),
(929, 756, 1),
(930, 757, 49),
(931, 758, 26),
(932, 759, 1),
(933, 760, 26),
(934, 761, 11),
(935, 762, 11),
(936, 763, 26),
(937, 763, 1),
(938, 764, 1),
(939, 764, 26),
(940, 765, 26),
(941, 766, 1),
(942, 767, 10),
(943, 768, 26),
(944, 769, 1),
(945, 770, 1),
(946, 771, 26),
(947, 771, 1),
(948, 772, 53),
(949, 773, 26),
(950, 774, 10),
(951, 775, 26),
(952, 776, 10),
(953, 777, 54),
(954, 778, 12),
(955, 779, 1),
(956, 780, 15),
(957, 780, 49),
(958, 780, 1),
(959, 781, 43),
(960, 781, 10),
(961, 782, 26),
(962, 783, 26),
(963, 783, 7),
(964, 783, 1),
(965, 784, 12),
(966, 784, 55),
(967, 784, 13),
(968, 785, 26),
(969, 786, 7),
(970, 787, 1),
(971, 788, 26),
(972, 789, 15),
(973, 789, 49),
(974, 790, 1),
(975, 790, 56),
(976, 791, 26),
(977, 791, 1),
(978, 792, 15),
(979, 792, 57),
(980, 792, 10),
(981, 793, 15),
(982, 793, 57),
(983, 793, 10),
(984, 794, 26),
(985, 794, 1),
(986, 795, 41),
(987, 796, 26),
(988, 796, 1),
(989, 797, 26),
(990, 798, 1),
(991, 799, 1),
(992, 799, 26),
(993, 800, 1),
(994, 800, 49),
(995, 801, 29),
(996, 801, 3),
(997, 802, 43),
(998, 802, 10),
(999, 802, 71),
(1000, 803, 26),
(1001, 803, 1),
(1002, 804, 26),
(1003, 805, 1),
(1004, 806, 26),
(1005, 806, 1),
(1006, 807, 26),
(1007, 808, 11),
(1008, 809, 10),
(1009, 810, 17),
(1010, 810, 1),
(1011, 811, 17),
(1012, 811, 1),
(1013, 812, 11),
(1014, 813, 26),
(1015, 814, 26),
(1016, 815, 26),
(1017, 815, 1),
(1018, 816, 12),
(1019, 817, 26),
(1020, 818, 26),
(1021, 818, 1),
(1022, 819, 11),
(1023, 820, 26),
(1024, 821, 11),
(1025, 822, 26),
(1026, 823, 10),
(1027, 824, 1),
(1028, 825, 12),
(1029, 826, 11),
(1030, 827, 26),
(1031, 828, 55),
(1032, 829, 55),
(1033, 830, 26),
(1034, 830, 1),
(1035, 831, 26),
(1036, 832, 26),
(1037, 832, 1),
(1038, 833, 10),
(1039, 833, 58),
(1040, 833, 16),
(1041, 834, 1),
(1042, 835, 10),
(1043, 836, 26),
(1044, 836, 1),
(1045, 837, 12),
(1046, 837, 49),
(1047, 838, 11),
(1048, 839, 7),
(1049, 840, 7),
(1050, 841, 7),
(1051, 842, 7),
(1052, 843, 7),
(1053, 844, 7),
(1054, 845, 7),
(1055, 846, 7),
(1056, 847, 1),
(1057, 848, 1),
(1058, 849, 1),
(1059, 850, 2),
(1060, 851, 1),
(1061, 852, 1),
(1062, 853, 1),
(1063, 854, 1),
(1064, 855, 1),
(1065, 856, 1),
(1066, 857, 1),
(1067, 858, 1),
(1068, 859, 2),
(1069, 860, 2),
(1070, 861, 1),
(1071, 862, 2),
(1072, 863, 1),
(1073, 864, 1),
(1074, 865, 1),
(1075, 866, 1),
(1076, 867, 1),
(1077, 868, 1),
(1078, 869, 1),
(1079, 870, 1),
(1080, 871, 1),
(1081, 872, 1),
(1082, 873, 1),
(1083, 874, 2),
(1084, 875, 1),
(1085, 876, 1),
(1086, 877, 1),
(1087, 878, 2),
(1088, 879, 9),
(1089, 880, 2),
(1090, 881, 1),
(1091, 882, 26),
(1092, 883, 1),
(1093, 884, 1),
(1094, 885, 1),
(1095, 886, 1),
(1096, 887, 26),
(1097, 888, 26),
(1098, 889, 1),
(1099, 890, 26),
(1100, 891, 1),
(1101, 892, 1),
(1102, 893, 26),
(1103, 894, 1),
(1104, 895, 1),
(1105, 896, 9),
(1106, 897, 9),
(1107, 898, 42),
(1108, 899, 42),
(1109, 900, 42),
(1110, 901, 35),
(1111, 902, 59),
(1112, 902, 1),
(1113, 903, 59),
(1114, 903, 1),
(1115, 904, 60),
(1116, 904, 61),
(1117, 905, 1),
(1118, 906, 2),
(1119, 907, 62),
(1120, 907, 1),
(1121, 908, 11),
(1122, 909, 7),
(1123, 910, 27),
(1124, 911, 9),
(1125, 912, 34),
(1126, 912, 10),
(1127, 912, 73),
(1128, 913, 34),
(1129, 913, 10),
(1130, 913, 73),
(1131, 914, 15),
(1132, 914, 43),
(1133, 915, 34),
(1134, 915, 10),
(1135, 915, 73),
(1136, 915, 63),
(1137, 916, 10),
(1138, 916, 2),
(1139, 917, 34),
(1140, 917, 10),
(1141, 917, 73),
(1142, 918, 34),
(1143, 918, 10),
(1144, 918, 73),
(1145, 918, 63),
(1146, 919, 34),
(1147, 919, 10),
(1148, 919, 73),
(1149, 920, 34),
(1150, 920, 10),
(1151, 920, 73),
(1152, 921, 34),
(1153, 921, 63),
(1154, 922, 10),
(1155, 922, 2),
(1156, 923, 34),
(1157, 923, 10),
(1158, 923, 73),
(1159, 923, 63),
(1160, 924, 34),
(1161, 924, 10),
(1162, 924, 73),
(1163, 925, 34),
(1164, 925, 10),
(1165, 925, 73),
(1166, 925, 63),
(1167, 926, 34),
(1168, 926, 10),
(1169, 926, 73),
(1170, 927, 34),
(1171, 927, 10),
(1172, 927, 73),
(1173, 928, 34),
(1174, 928, 10),
(1175, 928, 73),
(1176, 928, 63),
(1177, 929, 10),
(1178, 929, 2),
(1179, 930, 34),
(1180, 930, 10),
(1181, 930, 73),
(1182, 931, 34),
(1183, 931, 10),
(1184, 931, 73),
(1185, 931, 63),
(1186, 932, 34),
(1187, 932, 10),
(1188, 932, 73),
(1189, 933, 10),
(1190, 933, 2),
(1191, 934, 34),
(1192, 934, 10),
(1193, 934, 73),
(1194, 935, 34),
(1195, 935, 10),
(1196, 935, 73),
(1197, 935, 63),
(1198, 936, 34),
(1199, 936, 10),
(1200, 936, 73),
(1201, 936, 63),
(1202, 937, 10),
(1203, 937, 2),
(1204, 938, 10),
(1205, 938, 2),
(1206, 939, 34),
(1207, 939, 10),
(1208, 939, 73),
(1209, 940, 10),
(1210, 940, 2),
(1211, 941, 34),
(1212, 941, 10),
(1213, 941, 73),
(1214, 941, 63),
(1215, 942, 34),
(1216, 942, 10),
(1217, 942, 73),
(1218, 942, 63),
(1219, 943, 34),
(1220, 943, 10),
(1221, 943, 73),
(1222, 944, 34),
(1223, 944, 10),
(1224, 944, 73),
(1225, 945, 10),
(1226, 945, 2),
(1227, 946, 43),
(1228, 946, 63),
(1229, 947, 10),
(1230, 947, 2),
(1231, 948, 34),
(1232, 948, 10),
(1233, 948, 73),
(1234, 948, 63),
(1235, 949, 11),
(1236, 950, 64),
(1237, 951, 7),
(1238, 952, 7),
(1239, 952, 1),
(1240, 953, 7),
(1241, 953, 1),
(1242, 954, 7),
(1243, 954, 1),
(1244, 955, 1),
(1245, 956, 7),
(1246, 956, 1),
(1247, 957, 7),
(1248, 957, 1),
(1249, 958, 7),
(1250, 958, 1),
(1251, 959, 10),
(1252, 960, 1),
(1253, 961, 7),
(1254, 961, 1),
(1255, 962, 1),
(1256, 962, 65),
(1257, 963, 66),
(1258, 964, 1),
(1259, 965, 1),
(1260, 965, 66),
(1261, 965, 11),
(1262, 966, 7),
(1263, 966, 1),
(1264, 967, 7),
(1265, 967, 1),
(1266, 968, 1),
(1267, 969, 7),
(1268, 969, 1),
(1269, 970, 7),
(1270, 970, 1),
(1271, 971, 66),
(1272, 972, 1),
(1273, 972, 66),
(1274, 972, 11),
(1275, 973, 1),
(1276, 973, 66),
(1277, 973, 11),
(1278, 974, 1),
(1279, 975, 7),
(1280, 975, 1),
(1281, 976, 1),
(1282, 977, 1),
(1283, 977, 66),
(1284, 977, 11),
(1285, 978, 1),
(1286, 978, 66),
(1287, 978, 11),
(1288, 979, 1),
(1289, 979, 66),
(1290, 979, 11),
(1291, 980, 7),
(1292, 980, 1),
(1293, 981, 12),
(1294, 982, 7),
(1295, 982, 1),
(1296, 983, 7),
(1297, 983, 1),
(1298, 984, 1),
(1299, 984, 65),
(1300, 985, 7),
(1301, 985, 1),
(1302, 986, 1),
(1303, 986, 66),
(1304, 986, 11),
(1305, 987, 7),
(1306, 987, 64),
(1307, 988, 65),
(1308, 989, 7),
(1309, 989, 1),
(1310, 990, 54),
(1311, 991, 62),
(1312, 991, 67),
(1313, 992, 35),
(1314, 992, 1),
(1315, 993, 35),
(1316, 994, 1),
(1317, 995, 1),
(1318, 996, 1),
(1319, 997, 1),
(1320, 998, 1),
(1321, 999, 1),
(1322, 1000, 1),
(1323, 1001, 1),
(1324, 1002, 1),
(1325, 1003, 1),
(1326, 1004, 1),
(1327, 1005, 1),
(1328, 1006, 1),
(1329, 1007, 1),
(1330, 1008, 1),
(1331, 1009, 1),
(1332, 1010, 1),
(1333, 1011, 1),
(1334, 1012, 1),
(1335, 1013, 1),
(1336, 1014, 1),
(1337, 1015, 1),
(1338, 1016, 1),
(1339, 1017, 1),
(1340, 1018, 11),
(1341, 1019, 11),
(1342, 1020, 9),
(1343, 1021, 9),
(1344, 1022, 7),
(1345, 1022, 9),
(1346, 1023, 7),
(1347, 1023, 9),
(1348, 1024, 7),
(1349, 1024, 9),
(1350, 1025, 7),
(1351, 1025, 9),
(1352, 1026, 7),
(1353, 1026, 9),
(1354, 1027, 7),
(1355, 1027, 9),
(1356, 1028, 7),
(1357, 1028, 9),
(1358, 1029, 7),
(1359, 1029, 9),
(1360, 1030, 7),
(1361, 1030, 9),
(1362, 1031, 7),
(1363, 1031, 9),
(1364, 1032, 7),
(1365, 1032, 9),
(1366, 1033, 7),
(1367, 1033, 9),
(1368, 1034, 7),
(1369, 1034, 9),
(1370, 1035, 7),
(1371, 1035, 9),
(1372, 1036, 7),
(1373, 1036, 9),
(1374, 1037, 7),
(1375, 1037, 9),
(1376, 1038, 7),
(1377, 1038, 9),
(1378, 1039, 7),
(1379, 1039, 9),
(1380, 1040, 7),
(1381, 1040, 9),
(1382, 1041, 7),
(1383, 1041, 9),
(1384, 1042, 7),
(1385, 1042, 9),
(1386, 1043, 2),
(1387, 1044, 9);

-- --------------------------------------------------------

--
-- Structure de la table `fait_partie`
--

CREATE TABLE IF NOT EXISTS `fait_partie` (
  `idFaitPartie` int(10) NOT NULL AUTO_INCREMENT,
  `idPiste` int(10) NOT NULL,
  `idAlbum` int(10) NOT NULL,
  PRIMARY KEY (`idFaitPartie`),
  KEY `idPiste` (`idPiste`),
  KEY `idAlbum` (`idAlbum`)
) ENGINE=InnoDB  DEFAULT CHARSET=utf8 AUTO_INCREMENT=1044 ;

--
-- Contenu de la table `fait_partie`
--

INSERT INTO `fait_partie` (`idFaitPartie`, `idPiste`, `idAlbum`) VALUES
(1, 1, 1),
(2, 2, 2),
(3, 3, 3),
(4, 3, 4),
(5, 4, 5),
(6, 5, 6),
(7, 6, 7),
(8, 7, 7),
(9, 8, 7),
(10, 9, 6),
(11, 10, 6),
(12, 11, 6),
(13, 12, 7),
(14, 13, 7),
(15, 14, 6),
(16, 15, 7),
(17, 16, 7),
(18, 17, 6),
(19, 18, 6),
(20, 19, 6),
(21, 20, 7),
(22, 21, 7),
(23, 22, 7),
(24, 23, 6),
(25, 24, 6),
(26, 25, 8),
(27, 26, 8),
(28, 27, 8),
(29, 28, 8),
(30, 29, 8),
(31, 30, 8),
(32, 31, 9),
(33, 32, 9),
(34, 33, 10),
(35, 34, 11),
(36, 35, 11),
(37, 36, 12),
(38, 37, 12),
(39, 38, 12),
(40, 39, 12),
(41, 40, 12),
(42, 41, 12),
(43, 42, 12),
(44, 43, 12),
(45, 44, 12),
(46, 45, 12),
(47, 46, 12),
(48, 47, 12),
(49, 48, 12),
(50, 49, 12),
(51, 50, 12),
(52, 51, 12),
(53, 52, 12),
(54, 53, 12),
(55, 54, 12),
(56, 55, 12),
(57, 56, 12),
(58, 57, 12),
(59, 58, 12),
(60, 59, 12),
(61, 60, 12),
(62, 61, 12),
(63, 62, 12),
(64, 63, 12),
(65, 64, 12),
(66, 65, 12),
(67, 66, 12),
(68, 67, 12),
(69, 68, 12),
(70, 69, 12),
(71, 70, 12),
(72, 71, 12),
(73, 72, 12),
(74, 73, 12),
(75, 74, 12),
(76, 75, 12),
(77, 76, 12),
(78, 77, 12),
(79, 78, 12),
(80, 79, 12),
(81, 80, 12),
(82, 81, 12),
(83, 82, 12),
(84, 83, 12),
(85, 84, 12),
(86, 85, 12),
(87, 86, 12),
(88, 87, 12),
(89, 88, 12),
(90, 89, 12),
(91, 90, 12),
(92, 91, 12),
(93, 92, 12),
(94, 93, 12),
(95, 94, 12),
(96, 95, 12),
(97, 96, 12),
(98, 97, 12),
(99, 98, 12),
(100, 99, 12),
(101, 100, 12),
(102, 101, 12),
(103, 102, 12),
(104, 103, 12),
(105, 104, 12),
(106, 105, 12),
(107, 106, 12),
(108, 107, 12),
(109, 108, 12),
(110, 109, 12),
(111, 110, 12),
(112, 111, 12),
(113, 112, 12),
(114, 113, 12),
(115, 114, 12),
(116, 115, 12),
(117, 116, 12),
(118, 117, 12),
(119, 118, 12),
(120, 119, 12),
(121, 120, 12),
(122, 121, 8),
(123, 122, 10),
(124, 123, 10),
(125, 124, 10),
(126, 125, 10),
(127, 126, 8),
(128, 127, 13),
(129, 128, 8),
(130, 129, 8),
(131, 131, 10),
(132, 132, 14),
(133, 133, 15),
(134, 134, 15),
(135, 135, 15),
(136, 136, 15),
(137, 137, 15),
(138, 138, 15),
(139, 139, 15),
(140, 140, 15),
(141, 141, 15),
(142, 142, 15),
(143, 143, 15),
(144, 144, 15),
(145, 145, 15),
(146, 146, 15),
(147, 147, 15),
(148, 148, 16),
(149, 149, 16),
(150, 150, 16),
(151, 151, 16),
(152, 152, 16),
(153, 153, 16),
(154, 154, 16),
(155, 155, 16),
(156, 156, 16),
(157, 157, 16),
(158, 158, 16),
(159, 159, 16),
(160, 160, 16),
(161, 161, 16),
(162, 162, 16),
(163, 163, 16),
(164, 164, 16),
(165, 165, 10),
(166, 166, 8),
(167, 167, 17),
(168, 168, 17),
(169, 169, 17),
(170, 170, 17),
(171, 171, 17),
(172, 172, 17),
(173, 173, 17),
(174, 174, 17),
(175, 175, 17),
(176, 176, 17),
(177, 177, 17),
(178, 178, 17),
(179, 179, 17),
(180, 180, 17),
(181, 181, 17),
(182, 182, 18),
(183, 183, 18),
(184, 184, 18),
(185, 185, 18),
(186, 186, 18),
(187, 187, 10),
(188, 188, 10),
(189, 189, 19),
(190, 190, 10),
(191, 191, 8),
(192, 192, 10),
(193, 193, 20),
(194, 194, 21),
(195, 195, 22),
(196, 196, 22),
(197, 197, 23),
(198, 198, 23),
(199, 199, 24),
(200, 200, 24),
(201, 201, 24),
(202, 202, 25),
(203, 203, 25),
(204, 204, 24),
(205, 205, 25),
(206, 206, 24),
(207, 207, 24),
(208, 208, 25),
(209, 209, 25),
(210, 210, 25),
(211, 211, 25),
(212, 212, 24),
(213, 213, 25),
(214, 214, 24),
(215, 215, 24),
(216, 216, 24),
(217, 217, 25),
(218, 218, 24),
(219, 219, 24),
(220, 220, 24),
(221, 221, 24),
(222, 222, 25),
(223, 223, 25),
(224, 224, 24),
(225, 225, 24),
(226, 226, 25),
(227, 227, 25),
(228, 228, 24),
(229, 229, 26),
(230, 230, 26),
(231, 231, 26),
(232, 232, 26),
(233, 233, 26),
(234, 234, 26),
(235, 235, 26),
(236, 236, 26),
(237, 237, 26),
(238, 238, 26),
(239, 239, 26),
(240, 240, 26),
(241, 241, 26),
(242, 242, 26),
(243, 243, 26),
(244, 244, 26),
(245, 245, 26),
(246, 246, 26),
(247, 247, 26),
(248, 248, 26),
(249, 249, 8),
(250, 250, 8),
(251, 251, 8),
(252, 252, 23),
(253, 253, 23),
(254, 254, 23),
(255, 255, 23),
(256, 256, 23),
(257, 257, 23),
(258, 258, 23),
(259, 259, 27),
(260, 260, 28),
(261, 261, 28),
(262, 262, 29),
(263, 263, 30),
(264, 264, 31),
(265, 265, 29),
(266, 266, 28),
(267, 267, 29),
(268, 268, 29),
(269, 269, 29),
(270, 270, 29),
(271, 271, 31),
(272, 272, 28),
(273, 273, 29),
(274, 274, 30),
(275, 275, 28),
(276, 276, 28),
(277, 277, 30),
(278, 278, 30),
(279, 279, 28),
(280, 280, 30),
(281, 281, 30),
(282, 282, 31),
(283, 283, 31),
(284, 284, 30),
(285, 285, 30),
(286, 286, 28),
(287, 287, 31),
(288, 288, 29),
(289, 289, 29),
(290, 290, 30),
(291, 291, 31),
(292, 292, 28),
(293, 293, 29),
(294, 294, 31),
(295, 295, 28),
(296, 296, 29),
(297, 297, 30),
(298, 298, 28),
(299, 299, 29),
(300, 300, 30),
(301, 301, 31),
(302, 302, 28),
(303, 303, 30),
(304, 304, 28),
(305, 305, 30),
(306, 306, 30),
(307, 307, 31),
(308, 308, 29),
(309, 309, 30),
(310, 310, 30),
(311, 311, 28),
(312, 312, 30),
(313, 313, 30),
(314, 314, 31),
(315, 315, 28),
(316, 316, 30),
(317, 317, 28),
(318, 318, 31),
(319, 319, 30),
(320, 320, 29),
(321, 321, 31),
(322, 322, 30),
(323, 323, 28),
(324, 324, 31),
(325, 325, 29),
(326, 326, 32),
(327, 327, 32),
(328, 328, 32),
(329, 329, 33),
(330, 330, 33),
(331, 331, 33),
(332, 332, 32),
(333, 333, 32),
(334, 334, 33),
(335, 335, 32),
(336, 336, 32),
(337, 337, 33),
(338, 338, 32),
(339, 339, 32),
(340, 340, 33),
(341, 341, 33),
(342, 342, 32),
(343, 343, 32),
(344, 344, 32),
(345, 345, 32),
(346, 346, 32),
(347, 347, 32),
(348, 348, 32),
(349, 349, 32),
(350, 350, 32),
(351, 351, 32),
(352, 352, 10),
(353, 353, 34),
(354, 354, 35),
(355, 355, 34),
(356, 356, 36),
(357, 357, 8),
(358, 358, 8),
(359, 359, 8),
(360, 360, 8),
(361, 361, 8),
(362, 362, 18),
(363, 363, 37),
(364, 364, 18),
(365, 365, 37),
(366, 366, 37),
(367, 367, 37),
(368, 368, 18),
(369, 369, 18),
(370, 370, 37),
(371, 371, 18),
(372, 372, 18),
(373, 373, 37),
(374, 374, 37),
(375, 375, 18),
(376, 376, 18),
(377, 377, 37),
(378, 378, 37),
(379, 379, 37),
(380, 380, 18),
(381, 381, 23),
(382, 382, 13),
(383, 383, 8),
(384, 384, 8),
(385, 385, 10),
(386, 386, 10),
(387, 388, 8),
(388, 389, 8),
(389, 390, 13),
(390, 391, 23),
(391, 392, 10),
(392, 393, 8),
(393, 394, 8),
(394, 395, 8),
(395, 396, 8),
(396, 397, 8),
(397, 398, 8),
(398, 399, 8),
(399, 400, 8),
(400, 401, 8),
(401, 402, 13),
(402, 403, 10),
(403, 404, 8),
(404, 405, 38),
(405, 406, 39),
(406, 407, 40),
(407, 408, 10),
(408, 409, 10),
(409, 410, 10),
(410, 411, 41),
(411, 412, 41),
(412, 413, 41),
(413, 414, 41),
(414, 415, 41),
(415, 416, 41),
(416, 417, 41),
(417, 418, 41),
(418, 419, 41),
(419, 420, 41),
(420, 421, 41),
(421, 422, 41),
(422, 423, 41),
(423, 424, 41),
(424, 425, 41),
(425, 426, 41),
(426, 427, 41),
(427, 428, 41),
(428, 429, 41),
(429, 430, 41),
(430, 431, 41),
(431, 432, 41),
(432, 433, 41),
(433, 434, 41),
(434, 435, 41),
(435, 436, 41),
(436, 437, 41),
(437, 438, 41),
(438, 439, 41),
(439, 440, 41),
(440, 441, 41),
(441, 442, 41),
(442, 443, 41),
(443, 444, 41),
(444, 445, 41),
(445, 446, 41),
(446, 447, 41),
(447, 448, 41),
(448, 449, 41),
(449, 450, 41),
(450, 451, 41),
(451, 452, 41),
(452, 453, 41),
(453, 454, 41),
(454, 455, 41),
(455, 456, 41),
(456, 457, 8),
(457, 458, 8),
(458, 459, 10),
(459, 460, 42),
(460, 461, 42),
(461, 462, 42),
(462, 463, 42),
(463, 464, 42),
(464, 465, 42),
(465, 466, 42),
(466, 467, 42),
(467, 468, 42),
(468, 469, 42),
(469, 470, 42),
(470, 471, 42),
(471, 472, 42),
(472, 473, 42),
(473, 474, 42),
(474, 475, 42),
(475, 476, 42),
(476, 477, 42),
(477, 478, 42),
(478, 479, 42),
(479, 480, 42),
(480, 481, 42),
(481, 482, 42),
(482, 483, 42),
(483, 484, 42),
(484, 485, 42),
(485, 486, 42),
(486, 487, 42),
(487, 488, 42),
(488, 489, 42),
(489, 490, 42),
(490, 491, 42),
(491, 492, 42),
(492, 493, 43),
(493, 494, 43),
(494, 495, 43),
(495, 496, 43),
(496, 497, 43),
(497, 498, 43),
(498, 499, 43),
(499, 500, 43),
(500, 501, 43),
(501, 502, 43),
(502, 503, 43),
(503, 504, 43),
(504, 505, 43),
(505, 506, 43),
(506, 507, 43),
(507, 508, 43),
(508, 509, 43),
(509, 510, 43),
(510, 511, 8),
(511, 512, 44),
(512, 513, 8),
(513, 514, 8),
(514, 515, 45),
(515, 516, 46),
(516, 517, 47),
(517, 518, 46),
(518, 519, 47),
(519, 520, 47),
(520, 521, 45),
(521, 522, 45),
(522, 523, 45),
(523, 524, 47),
(524, 525, 46),
(525, 526, 47),
(526, 527, 46),
(527, 528, 48),
(528, 529, 47),
(529, 530, 47),
(530, 531, 49),
(531, 532, 46),
(532, 533, 50),
(533, 534, 45),
(534, 535, 48),
(535, 536, 46),
(536, 537, 45),
(537, 538, 45),
(538, 539, 48),
(539, 540, 45),
(540, 541, 47),
(541, 542, 46),
(542, 543, 47),
(543, 544, 49),
(544, 545, 47),
(545, 546, 46),
(546, 547, 46),
(547, 548, 45),
(548, 549, 45),
(549, 550, 47),
(550, 551, 47),
(551, 552, 47),
(552, 553, 48),
(553, 554, 48),
(554, 555, 48),
(555, 556, 45),
(556, 557, 45),
(557, 558, 10),
(558, 559, 10),
(559, 560, 51),
(560, 561, 51),
(561, 562, 51),
(562, 563, 51),
(563, 564, 51),
(564, 565, 51),
(565, 566, 51),
(566, 567, 51),
(567, 568, 51),
(568, 569, 51),
(569, 570, 51),
(570, 571, 51),
(571, 572, 51),
(572, 573, 51),
(573, 574, 51),
(574, 575, 51),
(575, 576, 51),
(576, 577, 51),
(577, 578, 51),
(578, 579, 51),
(579, 580, 51),
(580, 581, 51),
(581, 582, 51),
(582, 583, 51),
(583, 584, 51),
(584, 585, 51),
(585, 586, 51),
(586, 587, 51),
(587, 588, 51),
(588, 589, 51),
(589, 590, 51),
(590, 591, 51),
(591, 592, 51),
(592, 593, 51),
(593, 594, 51),
(594, 595, 51),
(595, 596, 51),
(596, 597, 51),
(597, 598, 51),
(598, 599, 51),
(599, 600, 51),
(600, 601, 51),
(601, 602, 51),
(602, 603, 51),
(603, 604, 52),
(604, 605, 52),
(605, 606, 52),
(606, 607, 52),
(607, 608, 52),
(608, 609, 52),
(609, 610, 52),
(610, 611, 52),
(611, 612, 52),
(612, 613, 52),
(613, 614, 52),
(614, 615, 52),
(615, 616, 52),
(616, 617, 52),
(617, 618, 52),
(618, 619, 52),
(619, 620, 52),
(620, 621, 52),
(621, 622, 53),
(622, 623, 53),
(623, 624, 10),
(624, 625, 13),
(625, 626, 8),
(626, 627, 54),
(627, 628, 54),
(628, 629, 54),
(629, 630, 54),
(630, 631, 54),
(631, 632, 54),
(632, 633, 54),
(633, 634, 54),
(634, 635, 54),
(635, 636, 54),
(636, 637, 54),
(637, 638, 54),
(638, 639, 54),
(639, 640, 54),
(640, 641, 54),
(641, 642, 54),
(642, 643, 54),
(643, 644, 54),
(644, 645, 54),
(645, 646, 54),
(646, 647, 54),
(647, 648, 54),
(648, 649, 54),
(649, 650, 8),
(650, 651, 13),
(651, 652, 8),
(652, 653, 13),
(653, 654, 8),
(654, 655, 8),
(655, 656, 8),
(656, 657, 55),
(657, 658, 56),
(658, 659, 56),
(659, 660, 56),
(660, 661, 8),
(661, 662, 57),
(662, 663, 58),
(663, 664, 58),
(664, 665, 59),
(665, 666, 60),
(666, 667, 61),
(667, 668, 62),
(668, 669, 63),
(669, 670, 64),
(670, 671, 60),
(671, 672, 64),
(672, 673, 65),
(673, 674, 62),
(674, 675, 60),
(675, 676, 57),
(676, 677, 66),
(677, 678, 67),
(678, 679, 67),
(679, 680, 60),
(680, 681, 66),
(681, 682, 63),
(682, 683, 60),
(683, 684, 64),
(684, 685, 63),
(685, 686, 60),
(686, 687, 65),
(687, 688, 67),
(688, 689, 57),
(689, 690, 62),
(690, 691, 68),
(691, 692, 58),
(692, 693, 65),
(693, 694, 62),
(694, 695, 63),
(695, 696, 63),
(696, 697, 65),
(697, 698, 69),
(698, 699, 64),
(699, 700, 64),
(700, 701, 65),
(701, 702, 70),
(702, 703, 61),
(703, 704, 64),
(704, 705, 64),
(705, 706, 64),
(706, 707, 67),
(707, 708, 64),
(708, 709, 58),
(709, 710, 58),
(710, 711, 58),
(711, 712, 65),
(712, 713, 70),
(713, 714, 61),
(714, 715, 58),
(715, 716, 57),
(716, 717, 57),
(717, 718, 69),
(718, 719, 68),
(719, 720, 71),
(720, 721, 66),
(721, 722, 62),
(722, 723, 59),
(723, 724, 62),
(724, 725, 66),
(725, 726, 71),
(726, 727, 59),
(727, 728, 65),
(728, 729, 62),
(729, 730, 57),
(730, 731, 65),
(731, 732, 64),
(732, 733, 67),
(733, 734, 67),
(734, 735, 64),
(735, 736, 62),
(736, 737, 71),
(737, 738, 59),
(738, 739, 59),
(739, 740, 71),
(740, 741, 61),
(741, 742, 65),
(742, 743, 68),
(743, 744, 71),
(744, 745, 68),
(745, 746, 66),
(746, 747, 67),
(747, 748, 60),
(748, 749, 57),
(749, 750, 65),
(750, 751, 65),
(751, 752, 59),
(752, 753, 68),
(753, 754, 60),
(754, 755, 67),
(755, 756, 69),
(756, 757, 57),
(757, 758, 71),
(758, 759, 59),
(759, 760, 71),
(760, 761, 64),
(761, 762, 64),
(762, 763, 67),
(763, 764, 68),
(764, 765, 65),
(765, 766, 59),
(766, 767, 65),
(767, 768, 66),
(768, 769, 68),
(769, 770, 59),
(770, 771, 61),
(771, 772, 63),
(772, 773, 70),
(773, 774, 67),
(774, 775, 70),
(775, 776, 58),
(776, 777, 58),
(777, 778, 58),
(778, 779, 66),
(779, 780, 63),
(780, 781, 58),
(781, 782, 70),
(782, 783, 60),
(783, 784, 71),
(784, 785, 66),
(785, 786, 62),
(786, 787, 63),
(787, 788, 63),
(788, 789, 63),
(789, 790, 66),
(790, 791, 57),
(791, 792, 68),
(792, 793, 70),
(793, 794, 67),
(794, 795, 61),
(795, 796, 61),
(796, 797, 70),
(797, 798, 69),
(798, 799, 68),
(799, 800, 61),
(800, 801, 60),
(801, 802, 67),
(802, 803, 57),
(803, 804, 71),
(804, 805, 67),
(805, 806, 69),
(806, 807, 70),
(807, 808, 64),
(808, 809, 62),
(809, 810, 66),
(810, 811, 66),
(811, 812, 64),
(812, 813, 70),
(813, 814, 70),
(814, 815, 69),
(815, 816, 66),
(816, 817, 68),
(817, 818, 57),
(818, 819, 64),
(819, 820, 62),
(820, 821, 64),
(821, 822, 62),
(822, 823, 69),
(823, 824, 59),
(824, 825, 60),
(825, 826, 64),
(826, 827, 66),
(827, 828, 61),
(828, 829, 61),
(829, 830, 69),
(830, 831, 70),
(831, 832, 61),
(832, 833, 58),
(833, 834, 69),
(834, 835, 59),
(835, 836, 69),
(836, 837, 57),
(837, 838, 8),
(838, 839, 72),
(839, 840, 73),
(840, 841, 74),
(841, 842, 73),
(842, 843, 75),
(843, 844, 76),
(844, 845, 77),
(845, 846, 78),
(846, 847, 79),
(847, 848, 80),
(848, 849, 79),
(849, 850, 79),
(850, 851, 80),
(851, 852, 80),
(852, 853, 80),
(853, 854, 79),
(854, 855, 80),
(855, 856, 79),
(856, 857, 79),
(857, 858, 80),
(858, 859, 79),
(859, 860, 79),
(860, 861, 79),
(861, 862, 79),
(862, 863, 80),
(863, 864, 80),
(864, 865, 80),
(865, 866, 80),
(866, 867, 80),
(867, 868, 80),
(868, 869, 80),
(869, 870, 80),
(870, 871, 79),
(871, 872, 79),
(872, 873, 79),
(873, 874, 79),
(874, 875, 79),
(875, 876, 79),
(876, 877, 80),
(877, 878, 79),
(878, 879, 10),
(879, 880, 81),
(880, 881, 82),
(881, 882, 83),
(882, 883, 82),
(883, 884, 83),
(884, 885, 83),
(885, 886, 83),
(886, 887, 83),
(887, 888, 83),
(888, 889, 82),
(889, 890, 83),
(890, 891, 82),
(891, 892, 82),
(892, 893, 83),
(893, 894, 82),
(894, 895, 82),
(895, 896, 10),
(896, 897, 10),
(897, 898, 84),
(898, 899, 84),
(899, 900, 84),
(900, 901, 85),
(901, 902, 86),
(902, 903, 87),
(903, 904, 88),
(904, 905, 87),
(905, 906, 89),
(906, 907, 90),
(907, 908, 23),
(908, 909, 91),
(909, 910, 92),
(910, 911, 10),
(911, 912, 93),
(912, 913, 93),
(913, 914, 94),
(914, 915, 94),
(915, 916, 95),
(916, 917, 93),
(917, 918, 94),
(918, 919, 93),
(919, 920, 93),
(920, 921, 94),
(921, 922, 95),
(922, 923, 94),
(923, 924, 93),
(924, 925, 94),
(925, 926, 93),
(926, 927, 93),
(927, 928, 94),
(928, 929, 95),
(929, 930, 93),
(930, 931, 94),
(931, 932, 93),
(932, 933, 95),
(933, 934, 93),
(934, 935, 94),
(935, 936, 94),
(936, 937, 95),
(937, 938, 95),
(938, 939, 93),
(939, 940, 95),
(940, 941, 94),
(941, 942, 94),
(942, 943, 93),
(943, 944, 93),
(944, 945, 95),
(945, 946, 94),
(946, 947, 95),
(947, 948, 94),
(948, 949, 8),
(949, 950, 96),
(950, 951, 96),
(951, 952, 97),
(952, 953, 97),
(953, 954, 97),
(954, 955, 98),
(955, 956, 97),
(956, 957, 97),
(957, 958, 97),
(958, 959, 96),
(959, 960, 98),
(960, 961, 97),
(961, 962, 98),
(962, 963, 96),
(963, 964, 98),
(964, 965, 96),
(965, 966, 97),
(966, 967, 97),
(967, 968, 98),
(968, 969, 97),
(969, 970, 97),
(970, 971, 96),
(971, 972, 96),
(972, 973, 96),
(973, 974, 98),
(974, 975, 97),
(975, 976, 98),
(976, 977, 96),
(977, 978, 96),
(978, 979, 96),
(979, 980, 97),
(980, 981, 98),
(981, 982, 97),
(982, 983, 97),
(983, 984, 98),
(984, 985, 97),
(985, 986, 96),
(986, 987, 96),
(987, 988, 98),
(988, 989, 97),
(989, 990, 98),
(990, 991, 99),
(991, 992, 100),
(992, 993, 101),
(993, 994, 102),
(994, 995, 103),
(995, 996, 103),
(996, 997, 103),
(997, 998, 102),
(998, 999, 103),
(999, 1000, 102),
(1000, 1001, 103),
(1001, 1002, 102),
(1002, 1003, 103),
(1003, 1004, 103),
(1004, 1005, 103),
(1005, 1006, 102),
(1006, 1007, 103),
(1007, 1008, 103),
(1008, 1009, 103),
(1009, 1010, 102),
(1010, 1011, 102),
(1011, 1012, 102),
(1012, 1013, 103),
(1013, 1014, 102),
(1014, 1015, 102),
(1015, 1016, 102),
(1016, 1017, 102),
(1017, 1018, 8),
(1018, 1019, 8),
(1019, 1020, 10),
(1020, 1021, 10),
(1021, 1022, 104),
(1022, 1023, 104),
(1023, 1024, 104),
(1024, 1025, 104),
(1025, 1026, 104),
(1026, 1027, 104),
(1027, 1028, 104),
(1028, 1029, 104),
(1029, 1030, 104),
(1030, 1031, 104),
(1031, 1032, 104),
(1032, 1033, 104),
(1033, 1034, 104),
(1034, 1035, 104),
(1035, 1036, 104),
(1036, 1037, 104),
(1037, 1038, 104),
(1038, 1039, 104),
(1039, 1040, 104),
(1040, 1041, 104),
(1041, 1042, 104),
(1042, 1043, 105),
(1043, 1044, 10);

-- --------------------------------------------------------

--
-- Structure de la table `file`
--

CREATE TABLE IF NOT EXISTS `file` (
  `idFile` int(10) NOT NULL AUTO_INCREMENT,
  `idPiste` int(10) NOT NULL,
  `idJukebox` int(10) NOT NULL,
  PRIMARY KEY (`idFile`),
  KEY `file_ibfk_1` (`idJukebox`)
) ENGINE=InnoDB  DEFAULT CHARSET=latin1 AUTO_INCREMENT=111 ;

--
-- Contenu de la table `file`
--

INSERT INTO `file` (`idFile`, `idPiste`, `idJukebox`) VALUES
(38, 533, 2),
(39, 35, 2),
(40, 11, 2);

-- --------------------------------------------------------

--
-- Structure de la table `genre`
--

CREATE TABLE IF NOT EXISTS `genre` (
  `idGenre` int(10) NOT NULL AUTO_INCREMENT,
  `nomGenre` varchar(255) CHARACTER SET latin1 NOT NULL,
  PRIMARY KEY (`idGenre`)
) ENGINE=InnoDB  DEFAULT CHARSET=utf8 COLLATE=utf8_unicode_ci AUTO_INCREMENT=74 ;

--
-- Contenu de la table `genre`
--

INSERT INTO `genre` (`idGenre`, `nomGenre`) VALUES
(1, 'Rock'),
(2, 'Métal'),
(3, 'Disco'),
(4, 'Blues'),
(5, 'Country'),
(6, 'Synth'),
(7, 'Pop'),
(8, 'Rap'),
(9, 'Variété Française'),
(10, 'Hard Rock'),
(11, 'Soundtrack'),
(12, 'Pop Rock'),
(13, 'Synthpop'),
(14, 'Rock Expérimental'),
(15, 'Rock Progressif'),
(16, 'Rock Symphonique'),
(17, 'New Wave'),
(18, 'Dance'),
(19, 'Electro swing'),
(20, 'Alternative'),
(21, 'Indie Rock'),
(22, 'Folk Rock'),
(23, 'Garage Rock'),
(24, 'Blues Rock'),
(25, 'Dance-Rock'),
(26, 'Classic Rock'),
(27, 'Hip-hop/Rap'),
(28, 'Rock Alternatif'),
(29, 'Funk Rock'),
(30, 'French Pop'),
(31, 'Comédies musicales'),
(32, 'Art Rock'),
(33, 'Dubstep'),
(34, 'Metal Alternatif'),
(35, 'Musique Alternative/Indé'),
(36, 'New Prog'),
(37, 'RnB'),
(38, 'Dance Alternative'),
(39, 'Grunge'),
(40, 'Rock indépendant'),
(41, 'Punk Rock'),
(42, 'Punk'),
(43, 'Heavy Metal'),
(44, 'Country Folk'),
(45, 'Rock Progressif et Symphonique'),
(46, 'Rockabilly'),
(47, 'House'),
(48, 'Glam Rock'),
(49, 'Ballade'),
(50, 'Hymne'),
(51, 'Music Hall'),
(52, 'Gospel'),
(53, 'Power Pop'),
(54, 'Soul'),
(55, 'Arena Rock'),
(56, 'Rock Electronique'),
(57, 'Opéra-Rock'),
(58, 'Power Ballade'),
(59, 'Christian Rock'),
(60, 'Metal progressif'),
(61, 'Chrétien contemporain'),
(62, 'Indie'),
(63, 'Nu Metal'),
(64, 'Chanson enfantine'),
(65, 'Beat'),
(66, 'Rock Psychédélique'),
(67, 'Folk'),
(68, 'Space Rock'),
(69, 'Skiffle'),
(70, 'Hip-hop'),
(71, 'Flamenco'),
(72, 'Thrash Metal'),
(73, 'Musique expérimentale');

-- --------------------------------------------------------

--
-- Structure de la table `jukebox`
--

CREATE TABLE IF NOT EXISTS `jukebox` (
  `idJukebox` int(10) NOT NULL AUTO_INCREMENT,
  `idBibliotheque` int(10) NOT NULL,
  `bibliAct` int(11) NOT NULL,
  `tokenActivation` varchar(100) NOT NULL,
  `qr_code` varchar(100) NOT NULL,
  `qr_code2` varchar(255) NOT NULL,
  `nomClient` varchar(255) NOT NULL,
  `mailClient` varchar(255) NOT NULL,
  `adresseClient` varchar(255) NOT NULL,
  `action` varchar(255) NOT NULL,
  `isBlindTest` tinyint(1) NOT NULL DEFAULT '0',
  PRIMARY KEY (`idJukebox`)
) ENGINE=InnoDB  DEFAULT CHARSET=utf8 AUTO_INCREMENT=8 ;

--
-- Contenu de la table `jukebox`
--

INSERT INTO `jukebox` (`idJukebox`, `idBibliotheque`, `bibliAct`, `tokenActivation`, `qr_code`, `qr_code2`, `nomClient`, `mailClient`, `adresseClient`, `action`, `isBlindTest`) VALUES
(1, 1, 1, 'token', '5y9t4byjga7bk5rb7tnwzh', 'goyodckds9llztvem8my9h', '', '', '', 'play', 1),
(2, 2, 2, 'a24702a8ab41a2e18c21f346594eff2a', '2iq6ql8t36o18boyumkh1m', 'l84avjn0oibh6f41t1sh46', 'rimet', 'rimet@hotmail.fr', '1 rue bidou', 'play', 0),
(3, 3, 3, '310f319b1ad552d08e4d7b35af01d50e', '', '', 'a', 'v@m', 'd', '', 0);

-- --------------------------------------------------------

--
-- Structure de la table `piste`
--

CREATE TABLE IF NOT EXISTS `piste` (
  `idPiste` int(10) NOT NULL AUTO_INCREMENT,
  `nomPiste` varchar(255) CHARACTER SET latin1 NOT NULL,
  `imagePiste` varchar(255) CHARACTER SET latin1 NOT NULL,
  `annéePiste` int(10) NOT NULL,
  PRIMARY KEY (`idPiste`)
) ENGINE=InnoDB  DEFAULT CHARSET=utf8 COLLATE=utf8_unicode_ci AUTO_INCREMENT=1045 ;

--
-- Contenu de la table `piste`
--

INSERT INTO `piste` (`idPiste`, `nomPiste`, `imagePiste`, `annéePiste`) VALUES
(1, 'Paralyzed', 'https://i.ytimg.com/vi/-6fcs8uE5Q4/maxresdefault.jpg', 2018),
(2, 'Endgame', 'https://f4.bcbits.com/img/a3456776437_10.jpg', 2018),
(3, 'Quand on arrive en ville', 'https://images-na.ssl-images-amazon.com/images/I/51ojtUtrxHL._SX355_.jpg', 1978),
(4, 'Pour que tu m''aimes encore', 'https://upload.wikimedia.org/wikipedia/en/e/e8/Pour_que_tu_m%27aimes_encore_single.jpg', 1995),
(5, 'Back in Black', 'https://cdn.shopify.com/s/files/1/1959/7997/products/POC010931_1280x1280.jpg', 1980),
(6, 'Beating Around The Bush', 'https://media.ultratop.be/cover/big/acdc-beating_around_the_bush_s.jpg', 1979),
(7, 'Get It Hot', 'https://www.gap-tallard-durance.fr/fileadmin/_processed_/5/a/csm_AdobeStock_cle_sol_03179e2243.jpg', 1979),
(8, 'Girls Got Rhythm', 'http://www.acdc-collectors.net/collection/images/457/big/img1.jpg', 1979),
(9, 'Givin the Dog a Bone', 'https://i.pinimg.com/originals/5f/00/1d/5f001de01e4d55b30de79a2ec97bbda7.jpg', 1980),
(10, 'Have On A Drink On Me', 'https://static.musictoday.com/store/bands/4372/product_600/X3AMAC243.jpg', 1980),
(11, 'Hells Bells', 'https://www.jbedgelitsigns.com.au/wp-content/uploads/2018/10/ACDC-5-boost.jpg', 1980),
(12, 'Highway to Hell', 'https://is4-ssl.mzstatic.com/image/thumb/Features6/v4/ee/bd/69/eebd6962-9b25-c177-c175-b3b3e641a29d/dj.edqjfvzd.jpg/600x600bf.png', 1979),
(13, 'If You Want Blood (You''ve Got It)', 'https://www.nuclearblast.de/static/articles/107/107520.jpg/1000x1000.jpg', 1979),
(14, 'Let Me Put My Love Into You', 'https://www.gap-tallard-durance.fr/fileadmin/_processed_/5/a/csm_AdobeStock_cle_sol_03179e2243.jpg', 1980),
(15, 'Love Hungry Man', 'https://www.gap-tallard-durance.fr/fileadmin/_processed_/5/a/csm_AdobeStock_cle_sol_03179e2243.jpg', 1979),
(16, 'Night Prowler', 'https://www.gap-tallard-durance.fr/fileadmin/_processed_/5/a/csm_AdobeStock_cle_sol_03179e2243.jpg', 1979),
(17, 'Rock And Roll Ain''t Noise Pollution', 'https://img.cdandlp.com/2016/02/imgL/117991524.jpg', 1980),
(18, 'Shake a Leg', 'https://www.gap-tallard-durance.fr/fileadmin/_processed_/5/a/csm_AdobeStock_cle_sol_03179e2243.jpg', 1980),
(19, 'Shoot To Thrill', 'https://i.pinimg.com/originals/a4/ae/75/a4ae75c5c107e65150f2bbb9a6ae4dd1.png', 1980),
(20, 'Shot Down in Flames', 'https://www.spirit-of-metal.com/les%20goupes/A/AC-DC/Shot%20Down%20in%20Flames%20Live/Shot%20Down%20in%20Flames%20Live.jpg', 1979),
(21, 'Touch Too Much', 'https://i.ebayimg.com/images/g/P58AAOSwVlda7~~R/s-l300.jpg', 1979),
(22, 'Walk All Over You', 'https://www.gap-tallard-durance.fr/fileadmin/_processed_/5/a/csm_AdobeStock_cle_sol_03179e2243.jpg', 1979),
(23, 'What Do You Do for Money Honey', 'https://images-na.ssl-images-amazon.com/images/I/61YhmVPvQZL._SY355_.jpg', 1980),
(24, 'You Shook Me All Night Long', 'https://images-na.ssl-images-amazon.com/images/I/71eeQ8elc%2BL._SX355_.jpg', 1980),
(25, 'A whole new world', 'https://www.gap-tallard-durance.fr/fileadmin/_processed_/5/a/csm_AdobeStock_cle_sol_03179e2243.jpg', 1992),
(26, 'Ce rêve bleu', 'https://www.gap-tallard-durance.fr/fileadmin/_processed_/5/a/csm_AdobeStock_cle_sol_03179e2243.jpg', 1992),
(27, 'Friend like me', 'https://www.gap-tallard-durance.fr/fileadmin/_processed_/5/a/csm_AdobeStock_cle_sol_03179e2243.jpg', 1992),
(28, 'Je suis ton meilleur ami', 'https://www.gap-tallard-durance.fr/fileadmin/_processed_/5/a/csm_AdobeStock_cle_sol_03179e2243.jpg', 1992),
(29, 'Prince Ali', 'https://www.gap-tallard-durance.fr/fileadmin/_processed_/5/a/csm_AdobeStock_cle_sol_03179e2243.jpg', 1992),
(30, 'Chanson du Non Anniversaire', 'https://www.gap-tallard-durance.fr/fileadmin/_processed_/5/a/csm_AdobeStock_cle_sol_03179e2243.jpg', 1951),
(31, 'Born Ready', 'https://i.ytimg.com/vi/QAv0HzTrMTE/hqdefault.jpg', 2017),
(32, 'For The Glory', 'https://www.gap-tallard-durance.fr/fileadmin/_processed_/5/a/csm_AdobeStock_cle_sol_03179e2243.jpg', 2017),
(33, 'Fuis Lawrence d''Arabie', 'https://img.discogs.com/XSZIEGUxib33Iv4wxmGPDmhRBr0=/fit-in/600x600/filters:strip_icc():format(jpeg):mode_rgb():quality(90)/discogs-images/R-1242385-1429383794-8589.jpeg.jpg', 1987),
(34, 'Remember When', 'https://www.gap-tallard-durance.fr/fileadmin/_processed_/5/a/csm_AdobeStock_cle_sol_03179e2243.jpg', 2018),
(35, 'Zombie', 'https://m.media-amazon.com/images/I/91yW3STVnZL._SS500_.jpg', 2018),
(36, '10.000 mètres', 'https://www.gap-tallard-durance.fr/fileadmin/_processed_/5/a/csm_AdobeStock_cle_sol_03179e2243.jpg', 1980),
(37, 'Aimer est plus fort que d''être aimé', 'https://www.archives80.com/misc/musique/45_tours/full/3748.jpg', 1985),
(38, 'Allez hop', 'https://www.gap-tallard-durance.fr/fileadmin/_processed_/5/a/csm_AdobeStock_cle_sol_03179e2243.jpg', 1980),
(39, 'Au revoir', 'https://www.gap-tallard-durance.fr/fileadmin/_processed_/5/a/csm_AdobeStock_cle_sol_03179e2243.jpg', 1982),
(40, 'Ces petits riens', 'https://www.gap-tallard-durance.fr/fileadmin/_processed_/5/a/csm_AdobeStock_cle_sol_03179e2243.jpg', 1979),
(41, 'C''est fini', 'https://www.gap-tallard-durance.fr/fileadmin/_processed_/5/a/csm_AdobeStock_cle_sol_03179e2243.jpg', 1982),
(42, 'C''est un voyou', 'https://www.gap-tallard-durance.fr/fileadmin/_processed_/5/a/csm_AdobeStock_cle_sol_03179e2243.jpg', 1978),
(43, 'Correspondances', 'https://www.gap-tallard-durance.fr/fileadmin/_processed_/5/a/csm_AdobeStock_cle_sol_03179e2243.jpg', 1977),
(44, 'Couleurs d''automne', 'https://www.gap-tallard-durance.fr/fileadmin/_processed_/5/a/csm_AdobeStock_cle_sol_03179e2243.jpg', 1975),
(45, 'Dancing samedi', 'https://ring.cdandlp.com/prenaud/photo_grande/115290477.jpg', 1979),
(46, 'De vous à elle en passant par moi', 'https://m.media-amazon.com/images/I/71PiIA3CUiL._SS500_.jpg', 1975),
(47, 'Des gens comme vous', 'https://www.gap-tallard-durance.fr/fileadmin/_processed_/5/a/csm_AdobeStock_cle_sol_03179e2243.jpg', 1978),
(48, 'Dieu que c''est beau', 'https://img.cdandlp.com/2016/10/imgL/118355462.jpg', 1984),
(49, 'Dieu que l''amour est triste', 'https://www.gap-tallard-durance.fr/fileadmin/_processed_/5/a/csm_AdobeStock_cle_sol_03179e2243.jpg', 1982),
(50, 'Drôle de galaxie', 'https://www.gap-tallard-durance.fr/fileadmin/_processed_/5/a/csm_AdobeStock_cle_sol_03179e2243.jpg', 1979),
(51, 'Détournement', 'https://c-sf.smule.com/sf/s23/arr/28/6f/dbf8b5e6-40e0-44b3-a194-c3d9b8e7fe0f.jpg', 1980),
(52, 'Elu par les boeufs', 'https://www.gap-tallard-durance.fr/fileadmin/_processed_/5/a/csm_AdobeStock_cle_sol_03179e2243.jpg', 1983),
(53, 'Evelyne et moi', 'https://img.discogs.com/VHehC5cKimWzDd0JbpahGj0OXwA=/fit-in/300x300/filters:strip_icc():format(jpeg):mode_rgb():quality(40)/discogs-images/R-7409549-1440917797-6209.jpeg.jpg', 1975),
(54, 'Face amour face amère', 'https://img.discogs.com/B24d04eYYtK6OJpW546G784tehw=/fit-in/600x600/filters:strip_icc():format(jpeg):mode_rgb():quality(90)/discogs-images/R-4517284-1367139448-1130.jpeg.jpg', 1979),
(55, 'France', 'https://www.gap-tallard-durance.fr/fileadmin/_processed_/5/a/csm_AdobeStock_cle_sol_03179e2243.jpg', 1978),
(56, 'Frappe avec ta tête', 'https://www.gap-tallard-durance.fr/fileadmin/_processed_/5/a/csm_AdobeStock_cle_sol_03179e2243.jpg', 1983),
(57, 'Je ne suis pas un héros', 'https://www.archives80.com/misc/musique/45_tours/full/430.jpg', 1980),
(58, 'Je Suis Bien (Album Version)', 'https://img.cdandlp.com/2015/08/imgL/105244101.jpg', 1978),
(59, 'Je veux de l''or', 'https://www.gap-tallard-durance.fr/fileadmin/_processed_/5/a/csm_AdobeStock_cle_sol_03179e2243.jpg', 1982),
(60, 'J''entends cogner ton coeur', 'https://www.gap-tallard-durance.fr/fileadmin/_processed_/5/a/csm_AdobeStock_cle_sol_03179e2243.jpg', 1977),
(61, 'La danse (Instrumental)', 'https://www.gap-tallard-durance.fr/fileadmin/_processed_/5/a/csm_AdobeStock_cle_sol_03179e2243.jpg', 1982),
(62, 'La fillette de l''étang', 'https://www.gap-tallard-durance.fr/fileadmin/_processed_/5/a/csm_AdobeStock_cle_sol_03179e2243.jpg', 1982),
(63, 'La lettre à Marie', 'https://www.gap-tallard-durance.fr/fileadmin/_processed_/5/a/csm_AdobeStock_cle_sol_03179e2243.jpg', 1977),
(64, 'La Muraille (Instrumental)', 'https://www.gap-tallard-durance.fr/fileadmin/_processed_/5/a/csm_AdobeStock_cle_sol_03179e2243.jpg', 1984),
(65, 'La porte est close', 'https://www.gap-tallard-durance.fr/fileadmin/_processed_/5/a/csm_AdobeStock_cle_sol_03179e2243.jpg', 1977),
(66, 'La réponse', 'https://www.gap-tallard-durance.fr/fileadmin/_processed_/5/a/csm_AdobeStock_cle_sol_03179e2243.jpg', 1977),
(67, 'La Tête En Bas (Album Version)', 'https://i.skyrock.net/7619/83067619/pics/3081263541_1_3_enU61dq9.jpg', 1995),
(68, 'La vie ne m''apprend rien', 'https://img.cdandlp.com/2014/12/imgL/117286736.jpg', 1980),
(69, 'Lady Marlène', 'https://img.cdandlp.com/2014/02/imgL/116492823.jpg', 1977),
(70, 'L''alcool n''y change rien', 'https://www.gap-tallard-durance.fr/fileadmin/_processed_/5/a/csm_AdobeStock_cle_sol_03179e2243.jpg', 1975),
(71, 'L''amour garde secret', 'https://www.gap-tallard-durance.fr/fileadmin/_processed_/5/a/csm_AdobeStock_cle_sol_03179e2243.jpg', 1982),
(72, 'L''Aziza', 'https://www.gap-tallard-durance.fr/fileadmin/_processed_/5/a/csm_AdobeStock_cle_sol_03179e2243.jpg', 1985),
(73, 'Le blues est blanc', 'https://www.gap-tallard-durance.fr/fileadmin/_processed_/5/a/csm_AdobeStock_cle_sol_03179e2243.jpg', 1985),
(74, 'Le chanteur', 'https://img.cdandlp.com/2014/10/imgL/117179522.jpg', 1978),
(75, 'Le Francais Est Une Langue Qui Résonne (Album Version)', 'https://www.gap-tallard-durance.fr/fileadmin/_processed_/5/a/csm_AdobeStock_cle_sol_03179e2243.jpg', 1978),
(76, 'Le pied par terre', 'https://www.gap-tallard-durance.fr/fileadmin/_processed_/5/a/csm_AdobeStock_cle_sol_03179e2243.jpg', 1978),
(77, 'L''enfant aux yeux d''Italie', 'https://www.gap-tallard-durance.fr/fileadmin/_processed_/5/a/csm_AdobeStock_cle_sol_03179e2243.jpg', 1975),
(78, 'Les aventures de Simon et Gunther Stein', 'https://m.media-amazon.com/images/I/81ybTs77iJL._SS500_.jpg', 1977),
(79, 'Les oiseaux (1ère partie)', 'https://www.gap-tallard-durance.fr/fileadmin/_processed_/5/a/csm_AdobeStock_cle_sol_03179e2243.jpg', 1978),
(80, 'Les oiseaux (2ème partie)', 'https://www.gap-tallard-durance.fr/fileadmin/_processed_/5/a/csm_AdobeStock_cle_sol_03179e2243.jpg', 1978),
(81, 'Les petits lolos', 'https://www.gap-tallard-durance.fr/fileadmin/_processed_/5/a/csm_AdobeStock_cle_sol_03179e2243.jpg', 1983),
(82, 'Lipstick Polychrome', 'https://www.gap-tallard-durance.fr/fileadmin/_processed_/5/a/csm_AdobeStock_cle_sol_03179e2243.jpg', 1980),
(83, 'Lise Altmann', 'https://www.gap-tallard-durance.fr/fileadmin/_processed_/5/a/csm_AdobeStock_cle_sol_03179e2243.jpg', 1977),
(84, 'Love Linda', 'https://www.gap-tallard-durance.fr/fileadmin/_processed_/5/a/csm_AdobeStock_cle_sol_03179e2243.jpg', 1979),
(85, 'Lucie', 'http://mesmusiquesperso.m.e.pic.centerblog.net/85a181ea.jpg', 1978),
(86, 'Ma musique et mon patois', 'https://www.gap-tallard-durance.fr/fileadmin/_processed_/5/a/csm_AdobeStock_cle_sol_03179e2243.jpg', 1977),
(87, 'Me laisse pas m''en aller', 'https://images-na.ssl-images-amazon.com/images/I/51W5gTUYX9L._SX466_.jpg', 1979),
(88, 'Mon fils ma bataille', 'https://p4.storage.canalblog.com/48/64/924254/94028028_o.jpg', 1980),
(89, 'Mon pauvre Gunther', 'https://www.gap-tallard-durance.fr/fileadmin/_processed_/5/a/csm_AdobeStock_cle_sol_03179e2243.jpg', 1977),
(90, 'Mona Lisa suite', 'https://www.gap-tallard-durance.fr/fileadmin/_processed_/5/a/csm_AdobeStock_cle_sol_03179e2243.jpg', 1975),
(91, 'Mort d''un robot', 'https://www.gap-tallard-durance.fr/fileadmin/_processed_/5/a/csm_AdobeStock_cle_sol_03179e2243.jpg', 1980),
(92, 'Ne parle pas de malheur', 'https://www.gap-tallard-durance.fr/fileadmin/_processed_/5/a/csm_AdobeStock_cle_sol_03179e2243.jpg', 1985),
(93, 'Oiseau de nuit', 'https://www.gap-tallard-durance.fr/fileadmin/_processed_/5/a/csm_AdobeStock_cle_sol_03179e2243.jpg', 1978),
(94, 'Partir avant les miens', 'https://www.gap-tallard-durance.fr/fileadmin/_processed_/5/a/csm_AdobeStock_cle_sol_03179e2243.jpg', 1983),
(95, 'Pas plus intelligent', 'https://www.gap-tallard-durance.fr/fileadmin/_processed_/5/a/csm_AdobeStock_cle_sol_03179e2243.jpg', 1975),
(96, 'Pauvre Bobby', 'https://www.gap-tallard-durance.fr/fileadmin/_processed_/5/a/csm_AdobeStock_cle_sol_03179e2243.jpg', 1979),
(97, 'Pauvre Nicolas', 'https://www.gap-tallard-durance.fr/fileadmin/_processed_/5/a/csm_AdobeStock_cle_sol_03179e2243.jpg', 1975),
(98, 'Petit homme mort au combat', 'https://www.gap-tallard-durance.fr/fileadmin/_processed_/5/a/csm_AdobeStock_cle_sol_03179e2243.jpg', 1985),
(99, 'Petite Angèle', 'https://www.gap-tallard-durance.fr/fileadmin/_processed_/5/a/csm_AdobeStock_cle_sol_03179e2243.jpg', 1985),
(100, 'Pour faire un disque', 'https://www.gap-tallard-durance.fr/fileadmin/_processed_/5/a/csm_AdobeStock_cle_sol_03179e2243.jpg', 1982),
(101, 'Pour la femme veuve qui s''éveille', 'https://img.discogs.com/9-fS6WVHQiOcsPQW_C3kNaMT3M4=/fit-in/600x600/filters:strip_icc():format(jpeg):mode_rgb():quality(90)/discogs-images/R-1359151-1212652231.jpeg.jpg', 1983),
(102, 'Revolucion', 'https://www.gap-tallard-durance.fr/fileadmin/_processed_/5/a/csm_AdobeStock_cle_sol_03179e2243.jpg', 1983),
(103, 'Rougeagevre', 'https://www.gap-tallard-durance.fr/fileadmin/_processed_/5/a/csm_AdobeStock_cle_sol_03179e2243.jpg', 1979),
(104, 'Sauver l''amour', 'https://m.media-amazon.com/images/I/71E4y7slDtL._SS500_.jpg', 1985),
(105, 'Si je suis fou', 'https://www.gap-tallard-durance.fr/fileadmin/_processed_/5/a/csm_AdobeStock_cle_sol_03179e2243.jpg', 1978),
(106, 'Soulève moi', 'https://images-na.ssl-images-amazon.com/images/I/91eiSimk1EL._SY355_.jpg', 1982),
(107, 'Supporter', 'https://www.gap-tallard-durance.fr/fileadmin/_processed_/5/a/csm_AdobeStock_cle_sol_03179e2243.jpg', 1983),
(108, 'Tes pieds toucheront par terre', 'https://www.gap-tallard-durance.fr/fileadmin/_processed_/5/a/csm_AdobeStock_cle_sol_03179e2243.jpg', 1975),
(109, 'Toi et moi', 'https://www.gap-tallard-durance.fr/fileadmin/_processed_/5/a/csm_AdobeStock_cle_sol_03179e2243.jpg', 1979),
(110, 'Tous les cris les S.O.S.', 'https://www.gap-tallard-durance.fr/fileadmin/_processed_/5/a/csm_AdobeStock_cle_sol_03179e2243.jpg', 1985),
(111, 'Tu me plais beaucoup', 'https://img.discogs.com/B24d04eYYtK6OJpW546G784tehw=/fit-in/600x600/filters:strip_icc():format(jpeg):mode_rgb():quality(90)/discogs-images/R-4517284-1367139448-1130.jpeg.jpg', 1979),
(112, 'Un autre monde (Instrumental)', 'https://img.cdandlp.com/2016/03/imgL/118076566.jpg', 1980),
(113, 'Un enfant assis attend la pluie', 'https://www.gap-tallard-durance.fr/fileadmin/_processed_/5/a/csm_AdobeStock_cle_sol_03179e2243.jpg', 1985),
(114, 'Vendeurs de larmes', 'https://alerterouge.com/tdw/images_contenu/73/213_cd.jpg', 1982),
(115, 'Video série noire', 'https://www.gap-tallard-durance.fr/fileadmin/_processed_/5/a/csm_AdobeStock_cle_sol_03179e2243.jpg', 1983),
(116, 'Vienne La Pluie (Album Version)', 'https://img.discogs.com/mfHhmtJ_jzrDPL5J8zwXBrxDEQk=/fit-in/300x300/filters:strip_icc():format(jpeg):mode_rgb():quality(40)/discogs-images/R-3767066-1483975573-3541.jpeg.jpg', 1975),
(117, 'Viens danser', 'https://www.gap-tallard-durance.fr/fileadmin/_processed_/5/a/csm_AdobeStock_cle_sol_03179e2243.jpg', 1982),
(118, 'Vis loin de moi', 'https://www.gap-tallard-durance.fr/fileadmin/_processed_/5/a/csm_AdobeStock_cle_sol_03179e2243.jpg', 1975),
(119, 'Vivre ou survivre', 'https://www.gap-tallard-durance.fr/fileadmin/_processed_/5/a/csm_AdobeStock_cle_sol_03179e2243.jpg', 1982),
(120, 'Y''a pas de bon numéro', 'https://www.gap-tallard-durance.fr/fileadmin/_processed_/5/a/csm_AdobeStock_cle_sol_03179e2243.jpg', 1982),
(121, 'La chanson de la pluie', 'https://www.gap-tallard-durance.fr/fileadmin/_processed_/5/a/csm_AdobeStock_cle_sol_03179e2243.jpg', 1942),
(122, 'Paris latino', 'https://img.cdandlp.com/2015/01/imgL/117366261.jpg', 1983),
(123, 'Embrasse-moi, idiot', 'idiot', 1985),
(124, 'Louise', 'https://m.media-amazon.com/images/I/91pZ04pyGdL._SS500_.jpg', 1982),
(125, 'Une autre histoire', 'https://img.cdandlp.com/2016/02/imgL/117976855.jpg', 1987),
(126, 'Heigh ho !', 'https://www.gap-tallard-durance.fr/fileadmin/_processed_/5/a/csm_AdobeStock_cle_sol_03179e2243.jpg', 1938),
(127, 'Sifflez En Travaillant', 'https://www.gap-tallard-durance.fr/fileadmin/_processed_/5/a/csm_AdobeStock_cle_sol_03179e2243.jpg', 1938),
(128, 'Un jour, mon prince viendra', 'mon prince viendra', 1938),
(129, 'Whistle while you work', 'https://www.gap-tallard-durance.fr/fileadmin/_processed_/5/a/csm_AdobeStock_cle_sol_03179e2243.jpg', 1938),
(130, 'Drunk Arcade', 'https://images.genius.com/bdd977da14fe3de172b66d4a04c24af8.1000x1000x1.jpg', 2011),
(131, 'Mourir les sirènes', 'https://img.cdandlp.com/2016/02/imgL/118009199.jpg', 1986),
(132, 'Lone Digger', 'https://www.gap-tallard-durance.fr/fileadmin/_processed_/5/a/csm_AdobeStock_cle_sol_03179e2243.jpg', 2015),
(133, 'Bridge Over Troubled Water', 'https://www.gap-tallard-durance.fr/fileadmin/_processed_/5/a/csm_AdobeStock_cle_sol_03179e2243.jpg', 2002),
(134, 'Danny Boy', 'https://www.gap-tallard-durance.fr/fileadmin/_processed_/5/a/csm_AdobeStock_cle_sol_03179e2243.jpg', 2002),
(135, 'Desperado', 'https://images-na.ssl-images-amazon.com/images/I/A1%2B39HFQ4eL._SY355_.jpg', 2002),
(136, 'First Time Ever I Saw Your Face', 'https://www.gap-tallard-durance.fr/fileadmin/_processed_/5/a/csm_AdobeStock_cle_sol_03179e2243.jpg', 2002),
(137, 'Give My Love To Rose', 'https://img.discogs.com/sNmBZkT0pQXt0nUPGUKBeYOlXgM=/fit-in/300x300/filters:strip_icc():format(jpeg):mode_rgb():quality(40)/discogs-images/R-6129361-1468894362-3217.jpeg.jpg', 2002),
(138, 'Hurt', 'https://www.gap-tallard-durance.fr/fileadmin/_processed_/5/a/csm_AdobeStock_cle_sol_03179e2243.jpg', 2002),
(139, 'I Hung My Head', 'https://www.gap-tallard-durance.fr/fileadmin/_processed_/5/a/csm_AdobeStock_cle_sol_03179e2243.jpg', 2002),
(140, 'I''m So Lonesome I Could Cry', 'https://www.gap-tallard-durance.fr/fileadmin/_processed_/5/a/csm_AdobeStock_cle_sol_03179e2243.jpg', 2002),
(141, 'In My Life', 'https://www.gap-tallard-durance.fr/fileadmin/_processed_/5/a/csm_AdobeStock_cle_sol_03179e2243.jpg', 2002),
(142, 'Personal Jesus', 'https://www.gap-tallard-durance.fr/fileadmin/_processed_/5/a/csm_AdobeStock_cle_sol_03179e2243.jpg', 2002),
(143, 'Sam Hall', 'https://www.gap-tallard-durance.fr/fileadmin/_processed_/5/a/csm_AdobeStock_cle_sol_03179e2243.jpg', 2002),
(144, 'Streets Of Laredo', 'https://www.gap-tallard-durance.fr/fileadmin/_processed_/5/a/csm_AdobeStock_cle_sol_03179e2243.jpg', 2002),
(145, 'Tear Stained Letter', 'https://www.gap-tallard-durance.fr/fileadmin/_processed_/5/a/csm_AdobeStock_cle_sol_03179e2243.jpg', 2002),
(146, 'The Man Comes Around', 'https://www.merchandisingplaza.fr/34956/2/T-shirts-Johnny-Cash-T-shirt-JOHNNY-CASH-Man-Comes-Around-l.jpg', 2002),
(147, 'We''ll Meet Again', 'https://www.gap-tallard-durance.fr/fileadmin/_processed_/5/a/csm_AdobeStock_cle_sol_03179e2243.jpg', 2002),
(148, '01h16 - Les putes et moi', 'https://www.gap-tallard-durance.fr/fileadmin/_processed_/5/a/csm_AdobeStock_cle_sol_03179e2243.jpg', 2013),
(149, '01h25 - Johnny Galoche', 'https://www.gap-tallard-durance.fr/fileadmin/_processed_/5/a/csm_AdobeStock_cle_sol_03179e2243.jpg', 2013),
(150, '01h47 - Change de pote', 'https://www.gap-tallard-durance.fr/fileadmin/_processed_/5/a/csm_AdobeStock_cle_sol_03179e2243.jpg', 2013),
(151, '03h53 - Manger c''est tricher', 'https://www.gap-tallard-durance.fr/fileadmin/_processed_/5/a/csm_AdobeStock_cle_sol_03179e2243.jpg', 2013),
(152, '04h41 - Greenje Et Orselane', 'https://www.gap-tallard-durance.fr/fileadmin/_processed_/5/a/csm_AdobeStock_cle_sol_03179e2243.jpg', 2013),
(153, '06h16 - Des histoires à raconter', 'https://www.gap-tallard-durance.fr/fileadmin/_processed_/5/a/csm_AdobeStock_cle_sol_03179e2243.jpg', 2013),
(154, '14h58 - Opening', 'https://www.gap-tallard-durance.fr/fileadmin/_processed_/5/a/csm_AdobeStock_cle_sol_03179e2243.jpg', 2013),
(155, '15h02 - Regarde comme il fait beau (dehors)', 'https://www.gap-tallard-durance.fr/fileadmin/_processed_/5/a/csm_AdobeStock_cle_sol_03179e2243.jpg', 2013),
(156, '15h45 - Stupide ¡ Stupide ¡ Stupide ¡', 'https://www.gap-tallard-durance.fr/fileadmin/_processed_/5/a/csm_AdobeStock_cle_sol_03179e2243.jpg', 2013),
(157, '16h00 - Tu m''dois d''l''oseille', 'https://www.gap-tallard-durance.fr/fileadmin/_processed_/5/a/csm_AdobeStock_cle_sol_03179e2243.jpg', 2013),
(158, '16h22 - Deux connards dans un abribus', 'https://www.gap-tallard-durance.fr/fileadmin/_processed_/5/a/csm_AdobeStock_cle_sol_03179e2243.jpg', 2013),
(159, '17h04 - Prends des pièces', 'https://www.gap-tallard-durance.fr/fileadmin/_processed_/5/a/csm_AdobeStock_cle_sol_03179e2243.jpg', 2013),
(160, '18h30 - Bloqué', 'https://www.gap-tallard-durance.fr/fileadmin/_processed_/5/a/csm_AdobeStock_cle_sol_03179e2243.jpg', 2013),
(161, '19h26 - La mort du disque', 'https://www.gap-tallard-durance.fr/fileadmin/_processed_/5/a/csm_AdobeStock_cle_sol_03179e2243.jpg', 2013),
(162, '20h08 - Dans la place pour être', 'https://www.gap-tallard-durance.fr/fileadmin/_processed_/5/a/csm_AdobeStock_cle_sol_03179e2243.jpg', 2013),
(163, '20h13 - La nouvelle paire', 'https://www.gap-tallard-durance.fr/fileadmin/_processed_/5/a/csm_AdobeStock_cle_sol_03179e2243.jpg', 2013),
(164, '22h31 - Fais Les Backs', 'https://www.gap-tallard-durance.fr/fileadmin/_processed_/5/a/csm_AdobeStock_cle_sol_03179e2243.jpg', 2013),
(165, 'Les Divas du dancing', 'https://images-na.ssl-images-amazon.com/images/I/810ETpevdVL._SL1409_.jpg', 1986),
(166, 'Chanson magique', 'https://www.gap-tallard-durance.fr/fileadmin/_processed_/5/a/csm_AdobeStock_cle_sol_03179e2243.jpg', 1950),
(167, 'Charlie Brown', 'https://upload.wikimedia.org/wikipedia/en/thumb/c/cb/Coldplay_Charlie_Brown.jpeg/220px-Coldplay_Charlie_Brown.jpeg', 2011),
(168, 'Clocks', 'https://i1.sndcdn.com/artworks-000298794360-7mm5gg-t500x500.jpg', 2002),
(169, 'Don''t Panic', 'https://upload.wikimedia.org/wikipedia/en/thumb/2/21/DontPanic1.jpg/220px-DontPanic1.jpg', 2000),
(170, 'Every Teardrop Is a Waterfall', 'https://img.cdandlp.com/2016/03/imgL/118031890.jpg', 2011),
(171, 'Fix You', 'https://upload.wikimedia.org/wikipedia/en/thumb/b/b1/Coldplay_-_Fix_You.jpg/220px-Coldplay_-_Fix_You.jpg', 2005),
(172, 'Hurts Like Heaven', 'https://upload.wikimedia.org/wikipedia/en/thumb/1/17/Coldplay_-_Hurts_Like_Heaven_%28Promotional%29.jpg/220px-Coldplay_-_Hurts_Like_Heaven_%28Promotional%29.jpg', 2011),
(173, 'In My Place', 'https://images-na.ssl-images-amazon.com/images/I/416uMqIWVCL.jpg', 2002),
(174, 'Magic', 'http://medialb.digiteka.net/music/3s5up/x8szpv-HC.jpg', 2014),
(175, 'Midnight', 'https://static.hotmixradio.fr/wp-content/uploads/coldplay-midnight-460x460.jpg', 2014),
(176, 'Paradise', 'https://www.lacoccinelle.net/836358-1.jpg?20150503', 2011),
(177, 'Speed Of Sound', 'https://images-na.ssl-images-amazon.com/images/I/41JZKMGT7JL.jpg', 2005),
(178, 'The Scientist', 'https://img.cdandlp.com/2015/12/imgL/117884192.jpg', 2002),
(179, 'Violet Hill', 'https://upload.wikimedia.org/wikipedia/en/thumb/2/27/Violethillcover.jpg/220px-Violethillcover.jpg', 2008),
(180, 'Viva La Vida', 'https://images-na.ssl-images-amazon.com/images/I/9145yafeO2L._SL1500_.jpg', 2008),
(181, 'Yellow', 'https://upload.wikimedia.org/wikipedia/en/thumb/9/9b/Yellow_cover_art.JPG/220px-Yellow_cover_art.JPG', 2000),
(182, 'Alibi', 'https://www.gap-tallard-durance.fr/fileadmin/_processed_/5/a/csm_AdobeStock_cle_sol_03179e2243.jpg', 2018),
(183, 'Black Eyes', 'https://www.gap-tallard-durance.fr/fileadmin/_processed_/5/a/csm_AdobeStock_cle_sol_03179e2243.jpg', 2018),
(184, 'Maybe It''s Time', 'https://www.gap-tallard-durance.fr/fileadmin/_processed_/5/a/csm_AdobeStock_cle_sol_03179e2243.jpg', 2018),
(185, 'Out Of Time', 'https://www.gap-tallard-durance.fr/fileadmin/_processed_/5/a/csm_AdobeStock_cle_sol_03179e2243.jpg', 2018),
(186, 'Too Far Gone', 'https://www.gap-tallard-durance.fr/fileadmin/_processed_/5/a/csm_AdobeStock_cle_sol_03179e2243.jpg', 2018),
(187, 'Il est libre Max', 'https://images-na.ssl-images-amazon.com/images/I/41FK499ZRPL.jpg', 1981),
(188, 'Tropique', 'https://img.discogs.com/E6s_IeMkT4OqeuV55wesgwT6QDk=/fit-in/300x300/filters:strip_icc():format(jpeg):mode_rgb():quality(40)/discogs-images/R-1152373-1281547617.jpeg.jpg', 1986),
(189, 'Perfect the Way You Are', 'https://www.gap-tallard-durance.fr/fileadmin/_processed_/5/a/csm_AdobeStock_cle_sol_03179e2243.jpg', 2015),
(190, 'Le Pull over blanc', 'http://img.over-blog-kiwi.com/0/09/04/73/201305/ob_17d519_pullover-blanc-graziella-de-michele-2.jpg', 1986),
(191, 'Mon tout petit', 'https://www.gap-tallard-durance.fr/fileadmin/_processed_/5/a/csm_AdobeStock_cle_sol_03179e2243.jpg', 1947),
(192, 'Nuit de folie', 'https://images-na.ssl-images-amazon.com/images/I/71kNErJgKIL._SX355_.jpg', 1988),
(193, 'The Phoenix', 'https://www.gap-tallard-durance.fr/fileadmin/_processed_/5/a/csm_AdobeStock_cle_sol_03179e2243.jpg', 2013),
(194, 'Blue On Black', 'https://www.gap-tallard-durance.fr/fileadmin/_processed_/5/a/csm_AdobeStock_cle_sol_03179e2243.jpg', 2018),
(195, 'A Mind''s Escape', 'https://www.gap-tallard-durance.fr/fileadmin/_processed_/5/a/csm_AdobeStock_cle_sol_03179e2243.jpg', 2018),
(196, 'Valkyria', 'https://www.gap-tallard-durance.fr/fileadmin/_processed_/5/a/csm_AdobeStock_cle_sol_03179e2243.jpg', 2018),
(197, 'A Lovely Night', 'https://www.gap-tallard-durance.fr/fileadmin/_processed_/5/a/csm_AdobeStock_cle_sol_03179e2243.jpg', 2016),
(198, 'City of Stars (Pier)', 'https://www.gap-tallard-durance.fr/fileadmin/_processed_/5/a/csm_AdobeStock_cle_sol_03179e2243.jpg', 2016),
(199, '21 Guns', 'https://upload.wikimedia.org/wikipedia/en/thumb/0/0e/GreenDay21Guns.jpg/220px-GreenDay21Guns.jpg', 2009),
(200, '21st Century Breakdown', 'https://images-na.ssl-images-amazon.com/images/I/81dmRIIv-dL._SL1425_.jpg', 2009),
(201, 'American Eulogy', 'https://www.gap-tallard-durance.fr/fileadmin/_processed_/5/a/csm_AdobeStock_cle_sol_03179e2243.jpg', 2009),
(202, 'American Idiot', 'https://images-na.ssl-images-amazon.com/images/I/41HPZZDPP0L.jpg', 2012),
(203, 'Are We The Waiting', 'https://www.gap-tallard-durance.fr/fileadmin/_processed_/5/a/csm_AdobeStock_cle_sol_03179e2243.jpg', 2012),
(204, 'Before the Lobotomy', 'https://www.gap-tallard-durance.fr/fileadmin/_processed_/5/a/csm_AdobeStock_cle_sol_03179e2243.jpg', 2009),
(205, 'Boulevard Of Broken Dreams', 'https://upload.wikimedia.org/wikipedia/en/thumb/2/2a/Green_Day_-_Boulevard_of_Broken_Dreams_cover.jpg/220px-Green_Day_-_Boulevard_of_Broken_Dreams_cover.jpg', 2012),
(206, 'Christian''s Inferno', 'https://i.ytimg.com/vi/-NWMfiXVn_w/hqdefault.jpg', 2009),
(207, 'East Jesus Nowhere', 'https://upload.wikimedia.org/wikipedia/en/thumb/0/02/Green_Day_East_Jesus_Nowhere_cover.jpg/220px-Green_Day_East_Jesus_Nowhere_cover.jpg', 2009),
(208, 'Extraordinary Girl', 'https://www.gap-tallard-durance.fr/fileadmin/_processed_/5/a/csm_AdobeStock_cle_sol_03179e2243.jpg', 2012),
(209, 'Give Me Novacaine', 'https://www.gap-tallard-durance.fr/fileadmin/_processed_/5/a/csm_AdobeStock_cle_sol_03179e2243.jpg', 2012),
(210, 'Holiday', 'https://upload.wikimedia.org/wikipedia/en/thumb/8/8a/Green_Day_-_Holiday_cover.jpg/220px-Green_Day_-_Holiday_cover.jpg', 2012),
(211, 'Homecoming', 'https://www.gap-tallard-durance.fr/fileadmin/_processed_/5/a/csm_AdobeStock_cle_sol_03179e2243.jpg', 2012),
(212, 'Horseshoes and Handgrenades', 'https://www.gap-tallard-durance.fr/fileadmin/_processed_/5/a/csm_AdobeStock_cle_sol_03179e2243.jpg', 2009),
(213, 'Jesus Of Suburbia', 'https://images-na.ssl-images-amazon.com/images/I/51CNWP5RGWL.jpg', 2012),
(214, 'Know Your Enemy', 'https://upload.wikimedia.org/wikipedia/en/thumb/7/7d/Green_Day_-_Know_Your_Enemy_cover.jpg/220px-Green_Day_-_Know_Your_Enemy_cover.jpg', 2009),
(215, 'Last Night on Earth', 'https://www.gap-tallard-durance.fr/fileadmin/_processed_/5/a/csm_AdobeStock_cle_sol_03179e2243.jpg', 2009),
(216, 'Last of the American Girls', 'https://upload.wikimedia.org/wikipedia/en/thumb/c/c7/Green_Day_-_Last_of_the_American_Girls_cover.jpg/220px-Green_Day_-_Last_of_the_American_Girls_cover.jpg', 2009),
(217, 'Letterbomb', 'https://www.gap-tallard-durance.fr/fileadmin/_processed_/5/a/csm_AdobeStock_cle_sol_03179e2243.jpg', 2012),
(218, 'Murder City', 'https://www.gap-tallard-durance.fr/fileadmin/_processed_/5/a/csm_AdobeStock_cle_sol_03179e2243.jpg', 2009),
(219, 'Peacemaker', 'https://i.pinimg.com/474x/02/6b/fb/026bfb4a2d762428d5df2558ceecb455--green-day-puzzle.jpg', 2009),
(220, 'Restless Heart Syndrome', 'https://www.gap-tallard-durance.fr/fileadmin/_processed_/5/a/csm_AdobeStock_cle_sol_03179e2243.jpg', 2009),
(221, 'See the Light', 'https://www.gap-tallard-durance.fr/fileadmin/_processed_/5/a/csm_AdobeStock_cle_sol_03179e2243.jpg', 2009),
(222, 'She''s A Rebel', 'https://www.gap-tallard-durance.fr/fileadmin/_processed_/5/a/csm_AdobeStock_cle_sol_03179e2243.jpg', 2012),
(223, 'St. Jimmy', 'https://www.gap-tallard-durance.fr/fileadmin/_processed_/5/a/csm_AdobeStock_cle_sol_03179e2243.jpg', 2012),
(224, 'The Static Age', 'http://farm5.static.flickr.com/4060/4254299295_d797a7cd3f_o.jpg', 2009),
(225, 'Viva La Gloria [Little Girl]', 'https://www.gap-tallard-durance.fr/fileadmin/_processed_/5/a/csm_AdobeStock_cle_sol_03179e2243.jpg', 2009),
(226, 'Wake Me Up When September Ends', 'https://upload.wikimedia.org/wikipedia/en/thumb/8/8c/Green_Day_-_Wake_Me_Up_When_September_Ends_cover.jpg/220px-Green_Day_-_Wake_Me_Up_When_September_Ends_cover.jpg', 2012),
(227, 'Whatsername', 'https://www.gap-tallard-durance.fr/fileadmin/_processed_/5/a/csm_AdobeStock_cle_sol_03179e2243.jpg', 2012),
(228, '¡Viva La Gloria!', 'http://images5.fanpop.com/image/photos/27200000/Viva-La-Gloria-Lyrics-green-day-27268032-1600-1200.jpg', 2009),
(229, 'All Along the Watchtower', 'http://www.amonine.com/wp-content/uploads/2015/02/Jimihendrix-456x456.jpg', 1968),
(230, 'Angel', 'https://upload.wikimedia.org/wikipedia/en/thumb/6/68/JimiHendrixAngel.jpg/220px-JimiHendrixAngel.jpg', 1971),
(231, 'Bold as Love', 'https://images-na.ssl-images-amazon.com/images/I/81f20JroW9L._SX355_.jpg', 1967),
(232, 'Castles Made of Sand', 'https://www.gap-tallard-durance.fr/fileadmin/_processed_/5/a/csm_AdobeStock_cle_sol_03179e2243.jpg', 1967),
(233, 'Crosstown Traffic', 'https://img.cdandlp.com/2012/05/imgL/115370341.jpg', 1968),
(234, 'Dolly Dagger', 'https://upload.wikimedia.org/wikipedia/en/thumb/8/87/Dolly_Dagger_1997_reissue_single_picture_sleeve.jpg/220px-Dolly_Dagger_1997_reissue_single_picture_sleeve.jpg', 1971),
(235, 'Fire', 'https://img.discogs.com/yoHlLdXCWCAvl4wJd8Am2Z3cxq4=/fit-in/300x300/filters:strip_icc():format(jpeg):mode_rgb():quality(40)/discogs-images/R-2830795-1302994045.jpeg.jpg', 1967),
(236, 'Foxey Lady', 'https://upload.wikimedia.org/wikipedia/en/thumb/3/3d/Foxy_Lady_cover.jpg/220px-Foxy_Lady_cover.jpg', 1970),
(237, 'Freedom', 'https://upload.wikimedia.org/wikipedia/en/thumb/7/7c/Freedom_single_picture_sleeve.jpg/220px-Freedom_single_picture_sleeve.jpg', 1971),
(238, 'Hey Joe', 'https://img.cdandlp.com/2017/01/imgL/118511329.jpg', 1966),
(239, 'If 6 Was 9', 'https://images-na.ssl-images-amazon.com/images/I/71v0q4uWG8L._SY355_.jpg', 1967),
(240, 'Little Wing', 'https://img.discogs.com/b8jQC0yT6ONoydO5Syg2LElzI0w=/fit-in/300x300/filters:strip_icc():format(jpeg):mode_rgb():quality(40)/discogs-images/R-3220295-1321037286.jpeg.jpg', 1967),
(241, 'Manic Depression', 'https://img.discogs.com/yG4wMBlWR_mHxGO1bvmf5zbDpW4=/fit-in/300x300/filters:strip_icc():format(jpeg):mode_rgb():quality(40)/discogs-images/R-2297913-1276174325.jpeg.jpg', 1967),
(242, 'Night Bird Flying', 'https://img.discogs.com/avIlf6htl9aRkXyXLj4Wq177uMk=/fit-in/300x300/filters:strip_icc():format(jpeg):mode_rgb():quality(40)/discogs-images/R-4261758-1360040119-8962.jpeg.jpg', 1971),
(243, 'Purple Haze', 'http://www.zicabloc.com/wp-content/uploads/2011/07/jimi-hendrix-purple-haze.jpg', 1967),
(244, 'Red House', 'https://img.discogs.com/3bDO3n6zvUAEm7BKEwcUV3e0ZIg=/fit-in/600x600/filters:strip_icc():format(jpeg):mode_rgb():quality(90)/discogs-images/R-2747169-1460283521-5120.jpeg.jpg', 1967),
(245, 'Star Spangled Banner (Live at Woodstock)', 'https://www.gap-tallard-durance.fr/fileadmin/_processed_/5/a/csm_AdobeStock_cle_sol_03179e2243.jpg', 1969),
(246, 'Stone Free', 'https://images-na.ssl-images-amazon.com/images/I/51G1W1TK8PL._SY355_.jpg', 1966),
(247, 'The Wind Cries Mary', 'https://upload.wikimedia.org/wikipedia/en/thumb/b/b9/The_Wind_Cries_Mary_cover.jpg/220px-The_Wind_Cries_Mary_cover.jpg', 1967),
(248, 'Voodoo Child (Slight Return)', 'https://images-na.ssl-images-amazon.com/images/I/515zRX8qXpL._SY355_.jpg', 1970),
(249, 'I won''t say (I''m in love)', 'https://www.gap-tallard-durance.fr/fileadmin/_processed_/5/a/csm_AdobeStock_cle_sol_03179e2243.jpg', 1997),
(250, 'Jamais je n''avouerai', 'https://www.gap-tallard-durance.fr/fileadmin/_processed_/5/a/csm_AdobeStock_cle_sol_03179e2243.jpg', 1997),
(251, 'Une étoile est née', 'https://www.gap-tallard-durance.fr/fileadmin/_processed_/5/a/csm_AdobeStock_cle_sol_03179e2243.jpg', 1997),
(252, 'City of Stars (Humming) [feat. Emma Stone]', 'https://www.gap-tallard-durance.fr/fileadmin/_processed_/5/a/csm_AdobeStock_cle_sol_03179e2243.jpg', 2016),
(253, 'Engagement Party', 'https://www.gap-tallard-durance.fr/fileadmin/_processed_/5/a/csm_AdobeStock_cle_sol_03179e2243.jpg', 2016),
(254, 'Epilogue', 'https://www.gap-tallard-durance.fr/fileadmin/_processed_/5/a/csm_AdobeStock_cle_sol_03179e2243.jpg', 2016),
(255, 'Herman''s Habit', 'https://www.gap-tallard-durance.fr/fileadmin/_processed_/5/a/csm_AdobeStock_cle_sol_03179e2243.jpg', 2016),
(256, 'Mia & Sebastian''s Theme', 'https://www.gap-tallard-durance.fr/fileadmin/_processed_/5/a/csm_AdobeStock_cle_sol_03179e2243.jpg', 2016),
(257, 'Planetarium', 'https://www.gap-tallard-durance.fr/fileadmin/_processed_/5/a/csm_AdobeStock_cle_sol_03179e2243.jpg', 2016),
(258, 'The End', 'https://www.gap-tallard-durance.fr/fileadmin/_processed_/5/a/csm_AdobeStock_cle_sol_03179e2243.jpg', 2016),
(259, 'Make a Move', 'https://upload.wikimedia.org/wikipedia/en/thumb/a/a6/Icon_For_Hire_Make_A_Move_cover.JPG/220px-Icon_For_Hire_Make_A_Move_cover.JPG', 2011),
(260, 'America', 'https://farm9.staticflickr.com/8499/8326024081_3f41a6a7e5_b.jpg', 2013),
(261, 'Amsterdam', 'https://upload.wikimedia.org/wikipedia/en/thumb/e/e0/Imagine_Dragons_-_%22Amsterdam%22_%28Promotional_single%29.jpg/220px-Imagine_Dragons_-_%22Amsterdam%22_%28Promotional_single%29.jpg', 2013),
(262, 'Bad Liar', 'http://www.z90.com/wp-content/uploads/2018/08/imagine-dragon.jpg', 2018),
(263, 'Battle Cry', 'https://upload.wikimedia.org/wikipedia/en/thumb/6/63/Battle_Cry_official_single_cover.jpg/220px-Battle_Cry_official_single_cover.jpg', 2015),
(264, 'Believer', 'https://upload.wikimedia.org/wikipedia/en/thumb/5/5c/Imagine-Dragons-Believer-art.jpg/220px-Imagine-Dragons-Believer-art.jpg', 2017),
(265, 'Birds', 'https://www.gap-tallard-durance.fr/fileadmin/_processed_/5/a/csm_AdobeStock_cle_sol_03179e2243.jpg', 2018),
(266, 'Bleeding Out', 'https://www.gap-tallard-durance.fr/fileadmin/_processed_/5/a/csm_AdobeStock_cle_sol_03179e2243.jpg', 2013),
(267, 'Boomerang', 'https://i.redd.it/z1cv2dyu4uu11.jpg', 2018),
(268, 'Bullet In A Gun', 'https://i.redd.it/kvrcd807zlx11.jpg', 2018),
(269, 'Burn Out', 'https://i.pinimg.com/736x/88/c1/1d/88c11daa07855188ca8fe9e481409fad.jpg', 2018),
(270, 'Cool Out', 'https://www.gap-tallard-durance.fr/fileadmin/_processed_/5/a/csm_AdobeStock_cle_sol_03179e2243.jpg', 2018),
(271, 'Dancing In The Dark', 'https://www.gap-tallard-durance.fr/fileadmin/_processed_/5/a/csm_AdobeStock_cle_sol_03179e2243.jpg', 2017),
(272, 'Demons', 'https://m.media-amazon.com/images/I/81Ce9x+y4SL._SS500_.jpg', 2013),
(273, 'Digital', 'https://i.redd.it/datv7a6ur9w11.jpg', 2018),
(274, 'Dream', 'https://t2.genius.com/unsafe/220x220/https%3A%2F%2Fimages.genius.com%2F2f2fd21f0babe9bd4004bd2c08f1e53e.1000x1000x1.jpg', 2015),
(275, 'Every Night', 'https://www.gap-tallard-durance.fr/fileadmin/_processed_/5/a/csm_AdobeStock_cle_sol_03179e2243.jpg', 2013),
(276, 'Fallen', 'https://www.gap-tallard-durance.fr/fileadmin/_processed_/5/a/csm_AdobeStock_cle_sol_03179e2243.jpg', 2013),
(277, 'Friction', 'https://t2.genius.com/unsafe/220x220/https%3A%2F%2Fimages.genius.com%2F760c872524ee2cebbef940c5fa45a5a1.1000x1000x1.jpg', 2015),
(278, 'Gold', 'https://upload.wikimedia.org/wikipedia/en/thumb/e/e4/Imagine_Dragons_-_Gold.jpg/220px-Imagine_Dragons_-_Gold.jpg', 2015),
(279, 'Hear Me', 'https://upload.wikimedia.org/wikipedia/en/e/eb/Imagine_Dragons_-_%22Hear_Me%22_%28Single%29.jpg', 2013),
(280, 'Hopeless Opus', 'http://66.media.tumblr.com/ad0abcf1401d8c9e03cd21e0171e2e33/tumblr_niqjbvRzf81s0k93eo1_1280.jpg', 2015),
(281, 'I Bet My Life', 'https://upload.wikimedia.org/wikipedia/en/a/a4/Imagine_Dragons_-_I_Bet_My_Life.png', 2015),
(282, 'I Don''t Know Why', 'https://www.gap-tallard-durance.fr/fileadmin/_processed_/5/a/csm_AdobeStock_cle_sol_03179e2243.jpg', 2017),
(283, 'I''ll Make It Up To You', 'https://www.gap-tallard-durance.fr/fileadmin/_processed_/5/a/csm_AdobeStock_cle_sol_03179e2243.jpg', 2017),
(284, 'I''m So Sorry', 'https://upload.wikimedia.org/wikipedia/en/thumb/9/9e/Imagine_Dragons_-_I%27m_So_Sorry.jpg/220px-Imagine_Dragons_-_I%27m_So_Sorry.jpg', 2015),
(285, 'It Comes Back to You', 'https://t2.genius.com/unsafe/220x220/https%3A%2F%2Fimages.genius.com%2F36d4d63ac12a602ff1f7f8e0bb603ac3.1000x1000x1.jpg', 2015),
(286, 'It''s Time', 'https://upload.wikimedia.org/wikipedia/en/thumb/9/98/Imagine_Dragons_-_It%27s_Time.jpg/220px-Imagine_Dragons_-_It%27s_Time.jpg', 2013),
(287, 'Levitate', 'https://direct.rhapsody.com/imageserver/images/Alb.244630766/500x500.jpg', 2017),
(288, 'Love', 'https://www.gap-tallard-durance.fr/fileadmin/_processed_/5/a/csm_AdobeStock_cle_sol_03179e2243.jpg', 2018),
(289, 'Machine', 'https://upload.wikimedia.org/wikipedia/en/thumb/4/46/Machine_Imagine_Dragons.jpg/220px-Machine_Imagine_Dragons.jpg', 2018),
(290, 'Monster', 'https://upload.wikimedia.org/wikipedia/en/thumb/7/7d/Imagine_Dragons_-_%22Monster%22_%28Single%29.jpg/220px-Imagine_Dragons_-_%22Monster%22_%28Single%29.jpg', 2015),
(291, 'Mouth Of The River', 'https://www.gap-tallard-durance.fr/fileadmin/_processed_/5/a/csm_AdobeStock_cle_sol_03179e2243.jpg', 2017),
(292, 'My Fault', 'https://www.gap-tallard-durance.fr/fileadmin/_processed_/5/a/csm_AdobeStock_cle_sol_03179e2243.jpg', 2013),
(293, 'Natural', 'https://m.media-amazon.com/images/I/817QodLzBKL._SS500_.jpg', 2018),
(294, 'Not Today', 'http://d2lubch9d26anb.cloudfront.net/cdn/farfuture/9XzeTQTfgq1uyMY5nnao4C-7VKSVbXqgFKU7fmx-ycA/mtime:1498360299/sites/default/files/Imagine%20Dragons%20-%20Not%20Today.jpg', 2017),
(295, 'On Top of the World', 'https://upload.wikimedia.org/wikipedia/en/thumb/4/4b/Imagine_Dragons_-_%22On_Top_of_the_World%22.jpg/220px-Imagine_Dragons_-_%22On_Top_of_the_World%22.jpg', 2013),
(296, 'Only', 'https://www.gap-tallard-durance.fr/fileadmin/_processed_/5/a/csm_AdobeStock_cle_sol_03179e2243.jpg', 2018),
(297, 'Polaroid', 'https://www.gap-tallard-durance.fr/fileadmin/_processed_/5/a/csm_AdobeStock_cle_sol_03179e2243.jpg', 2015),
(298, 'Radioactive', 'https://img.discogs.com/rTlhFZIwjlOM_nQ1ZZh3OtnNHiU=/fit-in/300x300/filters:strip_icc():format(jpeg):mode_rgb():quality(40)/discogs-images/R-4546763-1367994049-8315.jpeg.jpg', 2013),
(299, 'Real Life', 'https://i.pinimg.com/originals/a1/c2/b2/a1c2b2780f826b16980b14b84ca306cb.jpg', 2018),
(300, 'Release', 'https://www.gap-tallard-durance.fr/fileadmin/_processed_/5/a/csm_AdobeStock_cle_sol_03179e2243.jpg', 2015),
(301, 'Rise Up', 'https://c-sf.smule.com/sf/s78/arr/a5/ec/00f29727-95eb-469b-b2da-73e2e6be1d6d.jpg', 2017),
(302, 'Round and Round', 'https://upload.wikimedia.org/wikipedia/en/thumb/d/d4/Imagine_Dragons_-_%22Round_and_Round%22.jpg/220px-Imagine_Dragons_-_%22Round_and_Round%22.jpg', 2013),
(303, 'Second Chances', 'https://i.redd.it/6kwvv1rj33g01.jpg', 2015),
(304, 'Selene', 'https://www.gap-tallard-durance.fr/fileadmin/_processed_/5/a/csm_AdobeStock_cle_sol_03179e2243.jpg', 2013),
(305, 'Shots', 'https://m.media-amazon.com/images/I/81cAKULIJyL._SS500_.jpg', 2015),
(306, 'Smoke and Mirrors', 'https://images-na.ssl-images-amazon.com/images/I/712P7uFCVvL._SL1200_.jpg', 2015),
(307, 'Start Over', 'https://1.bp.blogspot.com/-s061SWguZBk/WuB6g3-i-oI/AAAAAAAAFJU/49Hi7qNyDSg4nn7IVztx-AcjmuUPtVXGwCEwYBhgL/s1600/Start%2BOver.jpg', 2017),
(308, 'Stuck', 'https://www.gap-tallard-durance.fr/fileadmin/_processed_/5/a/csm_AdobeStock_cle_sol_03179e2243.jpg', 2018),
(309, 'Summer', 'https://t2.genius.com/unsafe/220x220/https%3A%2F%2Fimages.genius.com%2F836112f1d1336e0365fa62a990e41ef3.1000x1000x1.jpg', 2015),
(310, 'The Fall', 'https://t2.genius.com/unsafe/220x220/https%3A%2F%2Fimages.genius.com%2F043aba598b4c70a34246879f6e419816.1000x1000x1.jpg', 2015),
(311, 'The River', 'https://www.gap-tallard-durance.fr/fileadmin/_processed_/5/a/csm_AdobeStock_cle_sol_03179e2243.jpg', 2013),
(312, 'The Unknown', 'https://www.gap-tallard-durance.fr/fileadmin/_processed_/5/a/csm_AdobeStock_cle_sol_03179e2243.jpg', 2015),
(313, 'Thief', 'https://www.gap-tallard-durance.fr/fileadmin/_processed_/5/a/csm_AdobeStock_cle_sol_03179e2243.jpg', 2015),
(314, 'Thunder', 'https://www.lacoccinelle.net/1163310-1.jpg?20170429', 2017),
(315, 'Tiptoe', 'https://www.gap-tallard-durance.fr/fileadmin/_processed_/5/a/csm_AdobeStock_cle_sol_03179e2243.jpg', 2013),
(316, 'Trouble', 'https://t2.genius.com/unsafe/220x220/https%3A%2F%2Fimages.genius.com%2Fc36c0f8d57e6a9ac58b83334d2b2170f.1000x1000x1.jpg', 2015),
(317, 'Underdog', 'https://www.gap-tallard-durance.fr/fileadmin/_processed_/5/a/csm_AdobeStock_cle_sol_03179e2243.jpg', 2013),
(318, 'Walking The Wire', 'https://c-sf.smule.com/sf/s79/arr/13/42/f58421a2-c2e7-4f96-8358-d034ed8c2c9f.jpg', 2017),
(319, 'Warriors', 'https://www.lacoccinelle.net/1019683-1.jpg?20150502', 2015),
(320, 'West Coast', 'https://www.gap-tallard-durance.fr/fileadmin/_processed_/5/a/csm_AdobeStock_cle_sol_03179e2243.jpg', 2018),
(321, 'Whatever It Takes', 'https://i.pinimg.com/originals/32/22/ca/3222ca156d4796b19f992dc6d417b9f9.png', 2017),
(322, 'Who We Are', 'https://www.gap-tallard-durance.fr/fileadmin/_processed_/5/a/csm_AdobeStock_cle_sol_03179e2243.jpg', 2015),
(323, 'Working Man', 'https://www.gap-tallard-durance.fr/fileadmin/_processed_/5/a/csm_AdobeStock_cle_sol_03179e2243.jpg', 2013),
(324, 'Yesterday', 'http://d2lubch9d26anb.cloudfront.net/cdn/farfuture/Vft8o01gAZlOCXtLb4dDCU9sap2wM-rRjDfAZqD9ims/mtime:1543811741/sites/default/files/KYBSiDc.png', 2017),
(325, 'Zero', 'https://www.lacoccinelle.net/1206015-1.jpg?20180922', 2018),
(326, '2033', 'https://www.gap-tallard-durance.fr/fileadmin/_processed_/5/a/csm_AdobeStock_cle_sol_03179e2243.jpg', 2017),
(327, 'Black Sky', 'https://www.gap-tallard-durance.fr/fileadmin/_processed_/5/a/csm_AdobeStock_cle_sol_03179e2243.jpg', 2017),
(328, 'Cartagène', 'https://www.gap-tallard-durance.fr/fileadmin/_processed_/5/a/csm_AdobeStock_cle_sol_03179e2243.jpg', 2017),
(329, 'Dizzidence politik (Pacifik version)', 'https://www.gap-tallard-durance.fr/fileadmin/_processed_/5/a/csm_AdobeStock_cle_sol_03179e2243.jpg', 1982),
(330, 'Docteur Love', 'https://www.gap-tallard-durance.fr/fileadmin/_processed_/5/a/csm_AdobeStock_cle_sol_03179e2243.jpg', 1982),
(331, 'Françoise (Qu''est-ce qui t''as pris)', 'https://www.gap-tallard-durance.fr/fileadmin/_processed_/5/a/csm_AdobeStock_cle_sol_03179e2243.jpg', 1982),
(332, 'Henry Darger (John Digweed & Nick Muir Remix)', 'https://www.gap-tallard-durance.fr/fileadmin/_processed_/5/a/csm_AdobeStock_cle_sol_03179e2243.jpg', 2017),
(333, 'Henry Darger', 'https://www.gap-tallard-durance.fr/fileadmin/_processed_/5/a/csm_AdobeStock_cle_sol_03179e2243.jpg', 2017),
(334, 'Indochine (Les 7 jours de Pékin)', 'https://www.gap-tallard-durance.fr/fileadmin/_processed_/5/a/csm_AdobeStock_cle_sol_03179e2243.jpg', 1982),
(335, 'Karma Girls', 'https://www.gap-tallard-durance.fr/fileadmin/_processed_/5/a/csm_AdobeStock_cle_sol_03179e2243.jpg', 2017),
(336, 'Kimono dans l''ambulance', 'https://www.gap-tallard-durance.fr/fileadmin/_processed_/5/a/csm_AdobeStock_cle_sol_03179e2243.jpg', 2017),
(337, 'L''opportuniste', 'https://www.gap-tallard-durance.fr/fileadmin/_processed_/5/a/csm_AdobeStock_cle_sol_03179e2243.jpg', 1982),
(338, 'La 13ème vague', 'https://www.gap-tallard-durance.fr/fileadmin/_processed_/5/a/csm_AdobeStock_cle_sol_03179e2243.jpg', 2017),
(339, 'La vie est belle', 'https://indoprisme.files.wordpress.com/2017/10/la-vie-est-belle-single.jpg?w=500', 2017),
(340, 'L''Aventurier', 'https://www.superloustic.com/wp-content/uploads/2016/08/fed166068960c7c8c4dcaf1f054c3ecb.1000x1000x1.jpg', 1982),
(341, 'Leila', 'https://www.gap-tallard-durance.fr/fileadmin/_processed_/5/a/csm_AdobeStock_cle_sol_03179e2243.jpg', 1982),
(342, 'Song for a Dream', 'https://www.gap-tallard-durance.fr/fileadmin/_processed_/5/a/csm_AdobeStock_cle_sol_03179e2243.jpg', 2017),
(343, 'Station 13 (Talisco Remix)', 'https://www.gap-tallard-durance.fr/fileadmin/_processed_/5/a/csm_AdobeStock_cle_sol_03179e2243.jpg', 2017),
(344, 'Station 13 (Version longue)', 'https://www.gap-tallard-durance.fr/fileadmin/_processed_/5/a/csm_AdobeStock_cle_sol_03179e2243.jpg', 2017),
(345, 'Station 13 (Vitalic Remix)', 'https://www.gap-tallard-durance.fr/fileadmin/_processed_/5/a/csm_AdobeStock_cle_sol_03179e2243.jpg', 2017),
(346, 'Station 13', 'https://www.gap-tallard-durance.fr/fileadmin/_processed_/5/a/csm_AdobeStock_cle_sol_03179e2243.jpg', 2017),
(347, 'Suffragettes BB', 'https://www.gap-tallard-durance.fr/fileadmin/_processed_/5/a/csm_AdobeStock_cle_sol_03179e2243.jpg', 2017),
(348, 'Tomboy 2', 'https://www.gap-tallard-durance.fr/fileadmin/_processed_/5/a/csm_AdobeStock_cle_sol_03179e2243.jpg', 2017),
(349, 'Trump le monde', 'https://www.gap-tallard-durance.fr/fileadmin/_processed_/5/a/csm_AdobeStock_cle_sol_03179e2243.jpg', 2017),
(350, 'Un été français (Joachim Garraud & Ridwello Remix)', 'https://www.gap-tallard-durance.fr/fileadmin/_processed_/5/a/csm_AdobeStock_cle_sol_03179e2243.jpg', 2017),
(351, 'Un été français', 'https://www.gap-tallard-durance.fr/fileadmin/_processed_/5/a/csm_AdobeStock_cle_sol_03179e2243.jpg', 2017),
(352, 'Thaï nana', 'http://www.bide-et-musique.com/images/thumb200/394.jpg', 1986),
(353, 'Bang Bang', 'https://www.gap-tallard-durance.fr/fileadmin/_processed_/5/a/csm_AdobeStock_cle_sol_03179e2243.jpg', 2018),
(354, 'Nancy', 'https://www.gap-tallard-durance.fr/fileadmin/_processed_/5/a/csm_AdobeStock_cle_sol_03179e2243.jpg', 2018),
(355, 'Plage 80', 'https://www.gap-tallard-durance.fr/fileadmin/_processed_/5/a/csm_AdobeStock_cle_sol_03179e2243.jpg', 2018),
(356, 'I''ve Got the Fire', 'https://direct.rhapsody.com/imageserver/images/Alb.310475406/600x600.jpg', 2018),
(357, 'J''en ai rêvé', 'https://www.gap-tallard-durance.fr/fileadmin/_processed_/5/a/csm_AdobeStock_cle_sol_03179e2243.jpg', 1959),
(358, 'Once upon a dream', 'https://www.gap-tallard-durance.fr/fileadmin/_processed_/5/a/csm_AdobeStock_cle_sol_03179e2243.jpg', 1959),
(359, 'Histoire éternelle', 'https://www.gap-tallard-durance.fr/fileadmin/_processed_/5/a/csm_AdobeStock_cle_sol_03179e2243.jpg', 1992),
(360, 'La Belle et la Bête', 'https://www.gap-tallard-durance.fr/fileadmin/_processed_/5/a/csm_AdobeStock_cle_sol_03179e2243.jpg', 1992),
(361, 'Belle nuit', 'https://www.gap-tallard-durance.fr/fileadmin/_processed_/5/a/csm_AdobeStock_cle_sol_03179e2243.jpg', 1955),
(362, 'Always Remember Us This Way', 'https://www.gap-tallard-durance.fr/fileadmin/_processed_/5/a/csm_AdobeStock_cle_sol_03179e2243.jpg', 2018),
(363, 'Angel Down', 'https://www.gap-tallard-durance.fr/fileadmin/_processed_/5/a/csm_AdobeStock_cle_sol_03179e2243.jpg', 2016),
(364, 'Before I Cry', 'https://www.gap-tallard-durance.fr/fileadmin/_processed_/5/a/csm_AdobeStock_cle_sol_03179e2243.jpg', 2018),
(365, 'Come To Mama', 'https://www.gap-tallard-durance.fr/fileadmin/_processed_/5/a/csm_AdobeStock_cle_sol_03179e2243.jpg', 2016),
(366, 'Dancin'' In Circles', 'https://www.gap-tallard-durance.fr/fileadmin/_processed_/5/a/csm_AdobeStock_cle_sol_03179e2243.jpg', 2016),
(367, 'Diamond Heart', 'https://www.gap-tallard-durance.fr/fileadmin/_processed_/5/a/csm_AdobeStock_cle_sol_03179e2243.jpg', 2016),
(368, 'Hair Body Face', 'https://www.gap-tallard-durance.fr/fileadmin/_processed_/5/a/csm_AdobeStock_cle_sol_03179e2243.jpg', 2018),
(369, 'Heal Me', 'https://www.gap-tallard-durance.fr/fileadmin/_processed_/5/a/csm_AdobeStock_cle_sol_03179e2243.jpg', 2018),
(370, 'Hey Girl', 'https://www.gap-tallard-durance.fr/fileadmin/_processed_/5/a/csm_AdobeStock_cle_sol_03179e2243.jpg', 2016),
(371, 'I''ll Never Love Again (Extended Version)', 'https://www.gap-tallard-durance.fr/fileadmin/_processed_/5/a/csm_AdobeStock_cle_sol_03179e2243.jpg', 2018),
(372, 'Is That Alright', 'https://www.gap-tallard-durance.fr/fileadmin/_processed_/5/a/csm_AdobeStock_cle_sol_03179e2243.jpg', 2018),
(373, 'Joanne', 'https://www.gap-tallard-durance.fr/fileadmin/_processed_/5/a/csm_AdobeStock_cle_sol_03179e2243.jpg', 2016),
(374, 'John Wayne', 'https://www.gap-tallard-durance.fr/fileadmin/_processed_/5/a/csm_AdobeStock_cle_sol_03179e2243.jpg', 2016),
(375, 'La Vie En Rose', 'https://www.gap-tallard-durance.fr/fileadmin/_processed_/5/a/csm_AdobeStock_cle_sol_03179e2243.jpg', 2018),
(376, 'Look What I Found', 'https://www.gap-tallard-durance.fr/fileadmin/_processed_/5/a/csm_AdobeStock_cle_sol_03179e2243.jpg', 2018),
(377, 'Million Reasons', 'https://www.gap-tallard-durance.fr/fileadmin/_processed_/5/a/csm_AdobeStock_cle_sol_03179e2243.jpg', 2016),
(378, 'Perfect Illusion', 'https://www.gap-tallard-durance.fr/fileadmin/_processed_/5/a/csm_AdobeStock_cle_sol_03179e2243.jpg', 2016),
(379, 'Sinner''s Prayer', 'https://www.gap-tallard-durance.fr/fileadmin/_processed_/5/a/csm_AdobeStock_cle_sol_03179e2243.jpg', 2016),
(380, 'Why Did You Do That', 'https://www.gap-tallard-durance.fr/fileadmin/_processed_/5/a/csm_AdobeStock_cle_sol_03179e2243.jpg', 2018),
(381, 'Another Day of Sun', 'https://www.gap-tallard-durance.fr/fileadmin/_processed_/5/a/csm_AdobeStock_cle_sol_03179e2243.jpg', 2016),
(382, 'Partir Là Bas', 'https://www.gap-tallard-durance.fr/fileadmin/_processed_/5/a/csm_AdobeStock_cle_sol_03179e2243.jpg', 1990),
(383, 'Sous l''océan', 'https://www.gap-tallard-durance.fr/fileadmin/_processed_/5/a/csm_AdobeStock_cle_sol_03179e2243.jpg', 1990);
INSERT INTO `piste` (`idPiste`, `nomPiste`, `imagePiste`, `annéePiste`) VALUES
(384, 'Au bout du rêve', 'https://www.gap-tallard-durance.fr/fileadmin/_processed_/5/a/csm_AdobeStock_cle_sol_03179e2243.jpg', 2010),
(385, 'Ils s''aiment', 'https://img.cdandlp.com/2015/02/imgL/117374944.jpg', 1983),
(386, 'Pleurer des rivières', 'https://www.gap-tallard-durance.fr/fileadmin/_processed_/5/a/csm_AdobeStock_cle_sol_03179e2243.jpg', 1985),
(387, 'Rise (feat. The Glitch Mob, Mako, and The Word Alive)', 'https://static1.millenium.org/articles/0/31/20/30/@/712839-la-jaquette-du-titre-article_m-1.jpg', 2018),
(388, 'Rien qu''un jour', 'https://www.gap-tallard-durance.fr/fileadmin/_processed_/5/a/csm_AdobeStock_cle_sol_03179e2243.jpg', 1996),
(389, 'Someday', 'https://www.gap-tallard-durance.fr/fileadmin/_processed_/5/a/csm_AdobeStock_cle_sol_03179e2243.jpg', 1996),
(390, 'Un Gars Comme Moi', 'https://www.gap-tallard-durance.fr/fileadmin/_processed_/5/a/csm_AdobeStock_cle_sol_03179e2243.jpg', 1996),
(391, 'Start a Fire', 'https://www.gap-tallard-durance.fr/fileadmin/_processed_/5/a/csm_AdobeStock_cle_sol_03179e2243.jpg', 2016),
(392, 'J''aurais voulu te dire', 'http://www.bide-et-musique.com/images/thumb200/1830.jpg', 1988),
(393, 'Il en faut pour être heureux', 'https://www.gap-tallard-durance.fr/fileadmin/_processed_/5/a/csm_AdobeStock_cle_sol_03179e2243.jpg', 1968),
(394, 'Etre un homme comme vous', 'https://www.gap-tallard-durance.fr/fileadmin/_processed_/5/a/csm_AdobeStock_cle_sol_03179e2243.jpg', 2003),
(395, 'Where', 'https://www.gap-tallard-durance.fr/fileadmin/_processed_/5/a/csm_AdobeStock_cle_sol_03179e2243.jpg', 2005),
(396, 'Can you feel the love tonight', 'https://www.gap-tallard-durance.fr/fileadmin/_processed_/5/a/csm_AdobeStock_cle_sol_03179e2243.jpg', 1994),
(397, 'Hakuna matata', 'https://www.gap-tallard-durance.fr/fileadmin/_processed_/5/a/csm_AdobeStock_cle_sol_03179e2243.jpg', 1994),
(398, 'Je voudrais déjà être roi', 'https://www.gap-tallard-durance.fr/fileadmin/_processed_/5/a/csm_AdobeStock_cle_sol_03179e2243.jpg', 1994),
(399, 'L''amour brille sous les étoiles', 'https://www.gap-tallard-durance.fr/fileadmin/_processed_/5/a/csm_AdobeStock_cle_sol_03179e2243.jpg', 1994),
(400, 'L''histoire de la vie', 'https://www.gap-tallard-durance.fr/fileadmin/_processed_/5/a/csm_AdobeStock_cle_sol_03179e2243.jpg', 1994),
(401, 'Tout le monde veut devenir un cat', 'https://www.gap-tallard-durance.fr/fileadmin/_processed_/5/a/csm_AdobeStock_cle_sol_03179e2243.jpg', 1971),
(402, 'Cruella De Ville', 'https://www.gap-tallard-durance.fr/fileadmin/_processed_/5/a/csm_AdobeStock_cle_sol_03179e2243.jpg', 1961),
(403, 'Ce mec est too much', 'https://www.superloustic.com/wp-content/uploads/2016/08/120409090223875922.jpg', 1984),
(404, 'Can''t help falling in love', 'https://www.gap-tallard-durance.fr/fileadmin/_processed_/5/a/csm_AdobeStock_cle_sol_03179e2243.jpg', 2002),
(405, 'Behind Blue Eyes', 'https://pmcdn.priceminister.com/photo/Limpbizkit-Behind-Blue-Eyes-Mcd-CD-Maxi-855452127_L.jpg', 2003),
(406, 'Castle of Glass', 'https://upload.wikimedia.org/wikipedia/en/thumb/7/77/Linkin_Park_-_Castle_of_Glass.jpg/220px-Linkin_Park_-_Castle_of_Glass.jpg', 2012),
(407, 'What I''ve Done', 'https://upload.wikimedia.org/wikipedia/en/thumb/9/94/WhatI%27veDoneCover.jpg/220px-WhatI%27veDoneCover.jpg', 2007),
(408, 'C''est la ouate', 'http://img.over-blog-kiwi.com/1/03/87/34/20180101/ob_0eebe1_caroline-loeb.jpg', 1987),
(409, 'Ces idées-là', 'https://m.media-amazon.com/images/I/81fAB16sE6L._SS500_.jpg', 1987),
(410, 'C''est l''amour', 'https://images.shazam.com/coverart/t45677451-i78609111_s400.jpg', 1987),
(411, 'Back At Your Door', 'https://www.gap-tallard-durance.fr/fileadmin/_processed_/5/a/csm_AdobeStock_cle_sol_03179e2243.jpg', 2007),
(412, 'Beautiful Goodbye', 'https://www.gap-tallard-durance.fr/fileadmin/_processed_/5/a/csm_AdobeStock_cle_sol_03179e2243.jpg', 2012),
(413, 'Better That We Break', 'https://www.gap-tallard-durance.fr/fileadmin/_processed_/5/a/csm_AdobeStock_cle_sol_03179e2243.jpg', 2007),
(414, 'Can''t Stop', 'https://www.gap-tallard-durance.fr/fileadmin/_processed_/5/a/csm_AdobeStock_cle_sol_03179e2243.jpg', 2007),
(415, 'Daylight', 'https://upload.wikimedia.org/wikipedia/en/thumb/e/e9/Maroon_5_Daylight_cover.png/220px-Maroon_5_Daylight_cover.png', 2012),
(416, 'Doin’ Dirt', 'https://c-sf.smule.com/sf/s40/arr/63/39/2e5c6ded-569e-4856-8c24-49513b70774b.jpg', 2012),
(417, 'Don''t Know Nothing', 'https://www.gap-tallard-durance.fr/fileadmin/_processed_/5/a/csm_AdobeStock_cle_sol_03179e2243.jpg', 2010),
(418, 'Figure It Out', 'https://www.gap-tallard-durance.fr/fileadmin/_processed_/5/a/csm_AdobeStock_cle_sol_03179e2243.jpg', 2007),
(419, 'Fortune Teller', 'https://www.gap-tallard-durance.fr/fileadmin/_processed_/5/a/csm_AdobeStock_cle_sol_03179e2243.jpg', 2012),
(420, 'Get Back In My Life', 'https://www.gap-tallard-durance.fr/fileadmin/_processed_/5/a/csm_AdobeStock_cle_sol_03179e2243.jpg', 2010),
(421, 'Give a Little More', 'https://upload.wikimedia.org/wikipedia/en/thumb/4/4e/Maroon-5-give-a-little-more-official-single-cover.jpg/220px-Maroon-5-give-a-little-more-official-single-cover.jpg', 2010),
(422, 'Goodnight Goodnight', 'https://www.gap-tallard-durance.fr/fileadmin/_processed_/5/a/csm_AdobeStock_cle_sol_03179e2243.jpg', 2007),
(423, 'Hands All Over', 'https://is3-ssl.mzstatic.com/image/thumb/Music3/v4/f3/97/e5/f397e590-aa0f-74eb-0285-2f60ae755b7d/UMG_cvrart_00602537943692_01_RGB72_1406x1406_14UMGIM27067.jpg/1200x630bb.jpg', 2010),
(424, 'Harder To Breathe', 'https://images-na.ssl-images-amazon.com/images/I/51d3lDy%2BXCL._SX355_.jpg', 2002),
(425, 'How', 'https://www.gap-tallard-durance.fr/fileadmin/_processed_/5/a/csm_AdobeStock_cle_sol_03179e2243.jpg', 2010),
(426, 'I Can''t Lie', 'https://www.gap-tallard-durance.fr/fileadmin/_processed_/5/a/csm_AdobeStock_cle_sol_03179e2243.jpg', 2010),
(427, 'Just a Feeling', 'https://c-sf.smule.com/sf/s24/arr/fe/72/6b498457-d258-4abe-8140-903b1ce29d02.jpg', 2010),
(428, 'Kiwi', 'https://www.gap-tallard-durance.fr/fileadmin/_processed_/5/a/csm_AdobeStock_cle_sol_03179e2243.jpg', 2007),
(429, 'Ladykiller', 'https://www.gap-tallard-durance.fr/fileadmin/_processed_/5/a/csm_AdobeStock_cle_sol_03179e2243.jpg', 2012),
(430, 'Little of Your Time', 'https://www.gap-tallard-durance.fr/fileadmin/_processed_/5/a/csm_AdobeStock_cle_sol_03179e2243.jpg', 2007),
(431, 'Love Somebody', 'https://upload.wikimedia.org/wikipedia/en/thumb/4/43/Maroon_5_-_%22Love_Somebody%22.png/220px-Maroon_5_-_%22Love_Somebody%22.png', 2012),
(432, 'Lucky Strike', 'https://img.discogs.com/Lp7Fhn3KZHZZF3oYM2h-UuzlAcA=/fit-in/600x600/filters:strip_icc():format(jpeg):mode_rgb():quality(90)/discogs-images/R-6116693-1411502503-2417.jpeg.jpg', 2012),
(433, 'Makes Me Wonder', 'https://upload.wikimedia.org/wikipedia/en/thumb/8/87/Maroon5-makes-me-wonder.jpg/220px-Maroon5-makes-me-wonder.jpg', 2007),
(434, 'Misery', 'https://www.gap-tallard-durance.fr/fileadmin/_processed_/5/a/csm_AdobeStock_cle_sol_03179e2243.jpg', 2010),
(435, 'Must Get Out', 'https://img.discogs.com/Z9hh1Az3hp4JvOr5qSYDGAsSjxY=/fit-in/300x300/filters:strip_icc():format(jpeg):mode_rgb():quality(40)/discogs-images/R-3935817-1513106369-2874.jpeg.jpg', 2002),
(436, 'Never Gonna Leave This Bed', 'https://upload.wikimedia.org/wikipedia/en/thumb/a/ac/Never_Gonna_Leave_This_Bed.jpg/220px-Never_Gonna_Leave_This_Bed.jpg', 2010),
(437, 'Not Coming Home', 'https://www.gap-tallard-durance.fr/fileadmin/_processed_/5/a/csm_AdobeStock_cle_sol_03179e2243.jpg', 2002),
(438, 'Not Falling Apart', 'https://www.gap-tallard-durance.fr/fileadmin/_processed_/5/a/csm_AdobeStock_cle_sol_03179e2243.jpg', 2002),
(439, 'Nothing Lasts Forever', 'https://www.gap-tallard-durance.fr/fileadmin/_processed_/5/a/csm_AdobeStock_cle_sol_03179e2243.jpg', 2007),
(440, 'One More Night', 'https://maxopediaco.files.wordpress.com/2016/06/maroon-5-one-more-night.jpg', 2012),
(441, 'Runaway', 'https://www.gap-tallard-durance.fr/fileadmin/_processed_/5/a/csm_AdobeStock_cle_sol_03179e2243.jpg', 2010),
(442, 'Sad', 'https://www.gap-tallard-durance.fr/fileadmin/_processed_/5/a/csm_AdobeStock_cle_sol_03179e2243.jpg', 2012),
(443, 'Secret', 'https://www.gap-tallard-durance.fr/fileadmin/_processed_/5/a/csm_AdobeStock_cle_sol_03179e2243.jpg', 2002),
(444, 'She Will Be Loved', 'https://images-na.ssl-images-amazon.com/images/I/51P6HKC44ZL.jpg', 2002),
(445, 'Shiver', 'https://www.gap-tallard-durance.fr/fileadmin/_processed_/5/a/csm_AdobeStock_cle_sol_03179e2243.jpg', 2002),
(446, 'Stutter', 'http://2.bp.blogspot.com/_mupIVJbjvuU/TJbU7pVHz6I/AAAAAAAAHHE/WKGvmqCNmyE/s1600/Stutter+(FanMade+Single+Cover)+Made+by+Nixmix.png', 2010),
(447, 'Sunday Morning', 'https://i1.sndcdn.com/artworks-000054967992-capgjq-t500x500.jpg', 2002),
(448, 'Sweetest Goodbye', 'https://www.gap-tallard-durance.fr/fileadmin/_processed_/5/a/csm_AdobeStock_cle_sol_03179e2243.jpg', 2002),
(449, 'Tangled', 'https://www.gap-tallard-durance.fr/fileadmin/_processed_/5/a/csm_AdobeStock_cle_sol_03179e2243.jpg', 2002),
(450, 'The Man Who Never Lied', 'https://www.gap-tallard-durance.fr/fileadmin/_processed_/5/a/csm_AdobeStock_cle_sol_03179e2243.jpg', 2012),
(451, 'The Sun', 'https://www.gap-tallard-durance.fr/fileadmin/_processed_/5/a/csm_AdobeStock_cle_sol_03179e2243.jpg', 2002),
(452, 'This Love', 'https://upload.wikimedia.org/wikipedia/en/thumb/b/bf/This_Love_cover.png/220px-This_Love_cover.png', 2002),
(453, 'Through With You', 'https://www.gap-tallard-durance.fr/fileadmin/_processed_/5/a/csm_AdobeStock_cle_sol_03179e2243.jpg', 2002),
(454, 'Tickets', 'https://www.gap-tallard-durance.fr/fileadmin/_processed_/5/a/csm_AdobeStock_cle_sol_03179e2243.jpg', 2012),
(455, 'Wake Up Call', 'https://m.media-amazon.com/images/M/MV5BMWQ1NzU4YmMtZmZlOS00MTM4LWJjNWEtNWZiYzhmOWU0M2FjXkEyXkFqcGdeQXVyMjU1OTc2MTc@._V1_.jpg', 2007),
(456, 'Won''t Go Home Without You', 'https://upload.wikimedia.org/wikipedia/en/thumb/f/f3/Maroon_5_Won%27t_Go_Home_Without_You_Cover.JPG/220px-Maroon_5_Won%27t_Go_Home_Without_You_Cover.JPG', 2007),
(457, 'Chem chem cheminée', 'https://www.gap-tallard-durance.fr/fileadmin/_processed_/5/a/csm_AdobeStock_cle_sol_03179e2243.jpg', 1965),
(458, 'Supercalifragilistic', 'https://www.gap-tallard-durance.fr/fileadmin/_processed_/5/a/csm_AdobeStock_cle_sol_03179e2243.jpg', 1965),
(459, 'En rouge et noir', 'https://ring.cdandlp.com/jlrem/photo_grande/115026390.jpg', 1986),
(460, 'All She Wants', 'https://www.gap-tallard-durance.fr/fileadmin/_processed_/5/a/csm_AdobeStock_cle_sol_03179e2243.jpg', 2015),
(461, 'Any Other World (Orchestra Version)', 'https://www.gap-tallard-durance.fr/fileadmin/_processed_/5/a/csm_AdobeStock_cle_sol_03179e2243.jpg', 2015),
(462, 'Beautiful Disaster', 'https://www.gap-tallard-durance.fr/fileadmin/_processed_/5/a/csm_AdobeStock_cle_sol_03179e2243.jpg', 2015),
(463, 'Boum Boum Boum (Orchestra Version)', 'https://www.gap-tallard-durance.fr/fileadmin/_processed_/5/a/csm_AdobeStock_cle_sol_03179e2243.jpg', 2015),
(464, 'Boum Boum Boum', 'https://www.gap-tallard-durance.fr/fileadmin/_processed_/5/a/csm_AdobeStock_cle_sol_03179e2243.jpg', 2015),
(465, 'Elle me dit (Orchestra Version)', 'https://upload.wikimedia.org/wikipedia/commons/thumb/7/7b/Elle_Me_Dit_Mika.jpg/220px-Elle_Me_Dit_Mika.jpg', 2015),
(466, 'Feels Like Love', 'https://www.gap-tallard-durance.fr/fileadmin/_processed_/5/a/csm_AdobeStock_cle_sol_03179e2243.jpg', 2015),
(467, 'Good Guys (Orchestra Version)', 'https://www.gap-tallard-durance.fr/fileadmin/_processed_/5/a/csm_AdobeStock_cle_sol_03179e2243.jpg', 2015),
(468, 'Good Guys', 'https://www.gap-tallard-durance.fr/fileadmin/_processed_/5/a/csm_AdobeStock_cle_sol_03179e2243.jpg', 2015),
(469, 'Good Wife', 'https://www.gap-tallard-durance.fr/fileadmin/_processed_/5/a/csm_AdobeStock_cle_sol_03179e2243.jpg', 2015),
(470, 'Grace Kelly (Orchestra Version)', 'https://www.gap-tallard-durance.fr/fileadmin/_processed_/5/a/csm_AdobeStock_cle_sol_03179e2243.jpg', 2015),
(471, 'Happy Ending (Orchestra Version)', 'https://www.gap-tallard-durance.fr/fileadmin/_processed_/5/a/csm_AdobeStock_cle_sol_03179e2243.jpg', 2015),
(472, 'Hurts (Remix)', 'https://www.gap-tallard-durance.fr/fileadmin/_processed_/5/a/csm_AdobeStock_cle_sol_03179e2243.jpg', 2015),
(473, 'Hurts', 'https://www.gap-tallard-durance.fr/fileadmin/_processed_/5/a/csm_AdobeStock_cle_sol_03179e2243.jpg', 2015),
(474, 'J’ai pas envie', 'https://www.gap-tallard-durance.fr/fileadmin/_processed_/5/a/csm_AdobeStock_cle_sol_03179e2243.jpg', 2015),
(475, 'Je chante', 'https://www.gap-tallard-durance.fr/fileadmin/_processed_/5/a/csm_AdobeStock_cle_sol_03179e2243.jpg', 2015),
(476, 'L’amour fait ce qu’il veut', 'https://www.gap-tallard-durance.fr/fileadmin/_processed_/5/a/csm_AdobeStock_cle_sol_03179e2243.jpg', 2015),
(477, 'Last Party (Orchestra Version)', 'https://www.gap-tallard-durance.fr/fileadmin/_processed_/5/a/csm_AdobeStock_cle_sol_03179e2243.jpg', 2015),
(478, 'Last Party', 'https://www.gap-tallard-durance.fr/fileadmin/_processed_/5/a/csm_AdobeStock_cle_sol_03179e2243.jpg', 2015),
(479, 'Les Baisers Perdus', 'https://www.gap-tallard-durance.fr/fileadmin/_processed_/5/a/csm_AdobeStock_cle_sol_03179e2243.jpg', 2015),
(480, 'Love Today (Orchestra Version)', 'https://www.gap-tallard-durance.fr/fileadmin/_processed_/5/a/csm_AdobeStock_cle_sol_03179e2243.jpg', 2015),
(481, 'No Place In Heaven', 'https://images-na.ssl-images-amazon.com/images/I/71us8s10xrL._SL1400_.jpg', 2015),
(482, 'Oh Girl You’re the Devil', 'https://www.gap-tallard-durance.fr/fileadmin/_processed_/5/a/csm_AdobeStock_cle_sol_03179e2243.jpg', 2015),
(483, 'Ordinary Man', 'https://www.gap-tallard-durance.fr/fileadmin/_processed_/5/a/csm_AdobeStock_cle_sol_03179e2243.jpg', 2015),
(484, 'Origin of Love (Orchestra Version)', 'https://www.gap-tallard-durance.fr/fileadmin/_processed_/5/a/csm_AdobeStock_cle_sol_03179e2243.jpg', 2015),
(485, 'Over My Shoulder (Orchestra Version)', 'https://www.gap-tallard-durance.fr/fileadmin/_processed_/5/a/csm_AdobeStock_cle_sol_03179e2243.jpg', 2015),
(486, 'Rain (Orchestra Version)', 'https://www.gap-tallard-durance.fr/fileadmin/_processed_/5/a/csm_AdobeStock_cle_sol_03179e2243.jpg', 2015),
(487, 'Relax (Take It Easy) [Orchestra Version]', 'https://www.gap-tallard-durance.fr/fileadmin/_processed_/5/a/csm_AdobeStock_cle_sol_03179e2243.jpg', 2015),
(488, 'Staring At the Sun', 'https://www.gap-tallard-durance.fr/fileadmin/_processed_/5/a/csm_AdobeStock_cle_sol_03179e2243.jpg', 2015),
(489, 'Talk About You', 'https://www.gap-tallard-durance.fr/fileadmin/_processed_/5/a/csm_AdobeStock_cle_sol_03179e2243.jpg', 2015),
(490, 'Tant que j''ai le soleil', 'https://www.gap-tallard-durance.fr/fileadmin/_processed_/5/a/csm_AdobeStock_cle_sol_03179e2243.jpg', 2015),
(491, 'Toy Boy (Orchestra Version)', 'https://www.gap-tallard-durance.fr/fileadmin/_processed_/5/a/csm_AdobeStock_cle_sol_03179e2243.jpg', 2015),
(492, 'Underwater (Orchestra Version)', 'https://www.gap-tallard-durance.fr/fileadmin/_processed_/5/a/csm_AdobeStock_cle_sol_03179e2243.jpg', 2015),
(493, 'A crédit et en stéréo', 'https://www.gap-tallard-durance.fr/fileadmin/_processed_/5/a/csm_AdobeStock_cle_sol_03179e2243.jpg', 1991),
(494, 'Bye bye Johnny be good', 'https://www.gap-tallard-durance.fr/fileadmin/_processed_/5/a/csm_AdobeStock_cle_sol_03179e2243.jpg', 1991),
(495, 'C''est la vie mon chéri', 'https://www.gap-tallard-durance.fr/fileadmin/_processed_/5/a/csm_AdobeStock_cle_sol_03179e2243.jpg', 1991),
(496, 'C''est un rocker', 'https://www.gap-tallard-durance.fr/fileadmin/_processed_/5/a/csm_AdobeStock_cle_sol_03179e2243.jpg', 1991),
(497, 'Couleur menthe à l''eau', 'https://www.gap-tallard-durance.fr/fileadmin/_processed_/5/a/csm_AdobeStock_cle_sol_03179e2243.jpg', 1991),
(498, 'J''ai le bonjour du blues', 'https://www.gap-tallard-durance.fr/fileadmin/_processed_/5/a/csm_AdobeStock_cle_sol_03179e2243.jpg', 1991),
(499, 'Je vais craquer bientôt', 'https://www.gap-tallard-durance.fr/fileadmin/_processed_/5/a/csm_AdobeStock_cle_sol_03179e2243.jpg', 1991),
(500, 'J''vous dérange', 'https://www.gap-tallard-durance.fr/fileadmin/_processed_/5/a/csm_AdobeStock_cle_sol_03179e2243.jpg', 1991),
(501, 'La dernière séance', 'https://www.gap-tallard-durance.fr/fileadmin/_processed_/5/a/csm_AdobeStock_cle_sol_03179e2243.jpg', 1991),
(502, 'La peau d''une autre', 'https://www.gap-tallard-durance.fr/fileadmin/_processed_/5/a/csm_AdobeStock_cle_sol_03179e2243.jpg', 1991),
(503, 'Le blues du Blanc', 'https://www.gap-tallard-durance.fr/fileadmin/_processed_/5/a/csm_AdobeStock_cle_sol_03179e2243.jpg', 1991),
(504, 'Le cimetière des éléphants', 'https://www.gap-tallard-durance.fr/fileadmin/_processed_/5/a/csm_AdobeStock_cle_sol_03179e2243.jpg', 1991),
(505, 'Le parking maudit', 'https://www.gap-tallard-durance.fr/fileadmin/_processed_/5/a/csm_AdobeStock_cle_sol_03179e2243.jpg', 1991),
(506, 'Lèche-bottes blues', 'https://www.gap-tallard-durance.fr/fileadmin/_processed_/5/a/csm_AdobeStock_cle_sol_03179e2243.jpg', 1991),
(507, 'M''man', 'https://www.gap-tallard-durance.fr/fileadmin/_processed_/5/a/csm_AdobeStock_cle_sol_03179e2243.jpg', 1991),
(508, 'Soixante soixante deux', 'https://www.gap-tallard-durance.fr/fileadmin/_processed_/5/a/csm_AdobeStock_cle_sol_03179e2243.jpg', 1991),
(509, 'Telle it like it is (Dis toi que ça existe)', 'https://www.gap-tallard-durance.fr/fileadmin/_processed_/5/a/csm_AdobeStock_cle_sol_03179e2243.jpg', 1991),
(510, 'Under the rainbow', 'https://www.gap-tallard-durance.fr/fileadmin/_processed_/5/a/csm_AdobeStock_cle_sol_03179e2243.jpg', 1991),
(511, 'If i didn''t have you', 'https://www.gap-tallard-durance.fr/fileadmin/_processed_/5/a/csm_AdobeStock_cle_sol_03179e2243.jpg', 2002),
(512, 'L''Assasymphonie', 'https://m.media-amazon.com/images/I/719eVPFJckL._SS500_.jpg', 2009),
(513, 'Reflection (Pop version)', 'https://www.gap-tallard-durance.fr/fileadmin/_processed_/5/a/csm_AdobeStock_cle_sol_03179e2243.jpg', 1998),
(514, 'Réflexion', 'https://www.gap-tallard-durance.fr/fileadmin/_processed_/5/a/csm_AdobeStock_cle_sol_03179e2243.jpg', 1998),
(515, 'Aftermath', 'https://www.gap-tallard-durance.fr/fileadmin/_processed_/5/a/csm_AdobeStock_cle_sol_03179e2243.jpg', 2015),
(516, 'Animals', 'https://www.gap-tallard-durance.fr/fileadmin/_processed_/5/a/csm_AdobeStock_cle_sol_03179e2243.jpg', 2012),
(517, 'Apocalypse Please', 'https://www.gap-tallard-durance.fr/fileadmin/_processed_/5/a/csm_AdobeStock_cle_sol_03179e2243.jpg', 2003),
(518, 'Big Freeze', 'http://lecoinzic.info/wp-content/uploads/img/Big+Freeze+Muse0.jpg', 2012),
(519, 'Blackout', 'https://www.gap-tallard-durance.fr/fileadmin/_processed_/5/a/csm_AdobeStock_cle_sol_03179e2243.jpg', 2003),
(520, 'Butterflies and Hurricanes', 'https://www.gap-tallard-durance.fr/fileadmin/_processed_/5/a/csm_AdobeStock_cle_sol_03179e2243.jpg', 2003),
(521, 'Dead Inside', 'https://www.actuanews.fr/music-shaker/photo/art/default/7750635-12000158.jpg', 2015),
(522, 'Defector', 'https://www.gap-tallard-durance.fr/fileadmin/_processed_/5/a/csm_AdobeStock_cle_sol_03179e2243.jpg', 2015),
(523, 'Drones', 'https://i1.wp.com/iwantthetruth.fr/wp-content/uploads/2015/03/11001899_10152885785048725_5226502552668439041_n.jpg', 2015),
(524, 'Endlessly', 'https://www.gap-tallard-durance.fr/fileadmin/_processed_/5/a/csm_AdobeStock_cle_sol_03179e2243.jpg', 2003),
(525, 'Explorers', 'https://www.gap-tallard-durance.fr/fileadmin/_processed_/5/a/csm_AdobeStock_cle_sol_03179e2243.jpg', 2012),
(526, 'Falling Away with You', 'https://www.gap-tallard-durance.fr/fileadmin/_processed_/5/a/csm_AdobeStock_cle_sol_03179e2243.jpg', 2003),
(527, 'Follow Me', 'https://upload.wikimedia.org/wikipedia/en/thumb/1/1a/Muse_-_Follow_Me.jpg/220px-Muse_-_Follow_Me.jpg', 2012),
(528, 'Guiding Light', 'https://www.gap-tallard-durance.fr/fileadmin/_processed_/5/a/csm_AdobeStock_cle_sol_03179e2243.jpg', 2009),
(529, 'Hysteria', 'https://www.gap-tallard-durance.fr/fileadmin/_processed_/5/a/csm_AdobeStock_cle_sol_03179e2243.jpg', 2003),
(530, 'Interlude', 'https://www.gap-tallard-durance.fr/fileadmin/_processed_/5/a/csm_AdobeStock_cle_sol_03179e2243.jpg', 2003),
(531, 'Knights of Cydonia', 'https://images-na.ssl-images-amazon.com/images/I/51J4HZGB19L._SY355_.jpg', 2006),
(532, 'Liquid State', 'https://www.gap-tallard-durance.fr/fileadmin/_processed_/5/a/csm_AdobeStock_cle_sol_03179e2243.jpg', 2012),
(533, 'Madness', 'https://www.ouifm.fr/wp-content/uploads/2012/08/muse-madness.jpg', 2012),
(534, 'Mercy', 'https://www.gap-tallard-durance.fr/fileadmin/_processed_/5/a/csm_AdobeStock_cle_sol_03179e2243.jpg', 2015),
(535, 'MK Ultra', 'https://www.gap-tallard-durance.fr/fileadmin/_processed_/5/a/csm_AdobeStock_cle_sol_03179e2243.jpg', 2009),
(536, 'Panic Station [Explicit]', 'https://m.media-amazon.com/images/I/71VW-0jf75L._SS500_.jpg', 2012),
(537, 'Psycho [Explicit]', 'https://upload.wikimedia.org/wikipedia/en/thumb/7/72/Psycho_-_Muse.jpg/220px-Psycho_-_Muse.jpg', 2015),
(538, 'Reapers', 'https://i.ebayimg.com/images/g/gqQAAOSwIC1ZwUhw/s-l640.jpg', 2015),
(539, 'Resistance', 'https://images-na.ssl-images-amazon.com/images/I/91ZwmJUvFDL._SL1500_.jpg', 2009),
(540, 'Revolt', 'https://www.gap-tallard-durance.fr/fileadmin/_processed_/5/a/csm_AdobeStock_cle_sol_03179e2243.jpg', 2015),
(541, 'Ruled by Secrecy', 'https://www.gap-tallard-durance.fr/fileadmin/_processed_/5/a/csm_AdobeStock_cle_sol_03179e2243.jpg', 2003),
(542, 'Save Me', 'https://www.gap-tallard-durance.fr/fileadmin/_processed_/5/a/csm_AdobeStock_cle_sol_03179e2243.jpg', 2012),
(543, 'Sing for Absolution', 'https://www.gap-tallard-durance.fr/fileadmin/_processed_/5/a/csm_AdobeStock_cle_sol_03179e2243.jpg', 2003),
(544, 'Starlight', 'https://m.media-amazon.com/images/I/71CDnH-hgaL._SS500_.jpg', 2006),
(545, 'Stockholm Syndrome', 'https://www.gap-tallard-durance.fr/fileadmin/_processed_/5/a/csm_AdobeStock_cle_sol_03179e2243.jpg', 2003),
(546, 'Supremacy', 'https://upload.wikimedia.org/wikipedia/en/thumb/e/e7/Muse_-_%22Supremacy%22.jpg/220px-Muse_-_%22Supremacy%22.jpg', 2012),
(547, 'Survival', 'https://www.lacoccinelle.net/925396-1.jpg?20150503', 2012),
(548, 'The Globalist', 'https://cdn-images-1.medium.com/max/2600/1*wYV9-QuSO6qp8qmyQUgUog.png', 2015),
(549, 'The Handler', 'https://www.gap-tallard-durance.fr/fileadmin/_processed_/5/a/csm_AdobeStock_cle_sol_03179e2243.jpg', 2015),
(550, 'The Small Print', 'https://www.gap-tallard-durance.fr/fileadmin/_processed_/5/a/csm_AdobeStock_cle_sol_03179e2243.jpg', 2003),
(551, 'Thoughts of a Dying Atheist', 'https://www.gap-tallard-durance.fr/fileadmin/_processed_/5/a/csm_AdobeStock_cle_sol_03179e2243.jpg', 2003),
(552, 'Time Is Running Out', 'https://images-na.ssl-images-amazon.com/images/I/31MNZQF9Q1L.jpg', 2003),
(553, 'Undisclosed Desires', 'https://upload.wikimedia.org/wikipedia/en/thumb/2/21/MuseUndisclosedDesires.jpg/220px-MuseUndisclosedDesires.jpg', 2009),
(554, 'Unnatural Selection', 'https://www.gap-tallard-durance.fr/fileadmin/_processed_/5/a/csm_AdobeStock_cle_sol_03179e2243.jpg', 2009),
(555, 'Uprising', 'https://img.discogs.com/xFSYv4SvPryCU6TWIHQu_U2QSpc=/fit-in/600x609/filters:strip_icc():format(jpeg):mode_rgb():quality(90)/discogs-images/R-1925269-1371578944-3760.jpeg.jpg', 2009),
(556, '[Drill Sergeant]', 'https://www.gap-tallard-durance.fr/fileadmin/_processed_/5/a/csm_AdobeStock_cle_sol_03179e2243.jpg', 2015),
(557, '[JFK]', 'https://www.gap-tallard-durance.fr/fileadmin/_processed_/5/a/csm_AdobeStock_cle_sol_03179e2243.jpg', 2015),
(558, 'Elle imagine', 'https://img.discogs.com/lG6IEGn65dnU6cWYtwetI6aX-og=/fit-in/600x600/filters:strip_icc():format(jpeg):mode_rgb():quality(90)/discogs-images/R-4441400-1505804566-9350.jpeg.jpg', 1987),
(559, 'Mala Vida', 'https://p4.storage.canalblog.com/47/17/914813/95123026.jpg', 1988),
(560, 'About A Girl', 'https://upload.wikimedia.org/wikipedia/en/2/2a/Nirvana_about_a_girl.png', 1994),
(561, 'All Apologies', 'https://upload.wikimedia.org/wikipedia/en/thumb/b/be/All_Apologies_%28unplugged%29.jpg/220px-All_Apologies_%28unplugged%29.jpg', 1993),
(562, 'Aneurysm', 'https://www.gap-tallard-durance.fr/fileadmin/_processed_/5/a/csm_AdobeStock_cle_sol_03179e2243.jpg', 1996),
(563, 'Been A Son', 'https://www.gap-tallard-durance.fr/fileadmin/_processed_/5/a/csm_AdobeStock_cle_sol_03179e2243.jpg', 1992),
(564, 'Big Cheese', 'https://vignette.wikia.nocookie.net/nirvana/images/7/7d/Nirvana_big_cheese.jpg/revision/latest?cb=20141119210019', 1989),
(565, 'Blandest', 'https://www.gap-tallard-durance.fr/fileadmin/_processed_/5/a/csm_AdobeStock_cle_sol_03179e2243.jpg', 2005),
(566, 'Blew', 'https://upload.wikimedia.org/wikipedia/en/thumb/d/d1/NirvanaBlewEP.jpg/220px-NirvanaBlewEP.jpg', 1989),
(567, 'Breed', 'https://www.gap-tallard-durance.fr/fileadmin/_processed_/5/a/csm_AdobeStock_cle_sol_03179e2243.jpg', 1991),
(568, 'Come As You Are', 'https://img.discogs.com/J17o53TrfrH4EkhupLr7wzjHn-c=/fit-in/543x486/filters:strip_icc():format(jpeg):mode_rgb():quality(90)/discogs-images/R-783216-1416890641-7794.jpeg.jpg', 1991),
(569, 'Dive', 'https://www.gap-tallard-durance.fr/fileadmin/_processed_/5/a/csm_AdobeStock_cle_sol_03179e2243.jpg', 1989),
(570, 'Downer', 'https://www.gap-tallard-durance.fr/fileadmin/_processed_/5/a/csm_AdobeStock_cle_sol_03179e2243.jpg', 1989),
(571, 'Dumb', 'https://vignette.wikia.nocookie.net/nirvana/images/1/13/Nirvana_dumb_by_wedopix-d39oxlr.jpg/revision/latest?cb=20171109182755', 1993),
(572, 'Even In His Youth', 'https://www.gap-tallard-durance.fr/fileadmin/_processed_/5/a/csm_AdobeStock_cle_sol_03179e2243.jpg', 1991),
(573, 'I Hate Myself And I Want To Die', 'https://img.discogs.com/e-7dB0RBBWrj7YpY9hxABwCe_XI=/fit-in/300x300/filters:strip_icc():format(jpeg):mode_rgb():quality(40)/discogs-images/R-1766636-1458435610-2110.jpeg.jpg', 1993),
(574, 'In Bloom', 'https://img.discogs.com/B0W_Ygf72SubdvQg8jLt83srv4E=/fit-in/300x300/filters:strip_icc():format(jpeg):mode_rgb():quality(40)/discogs-images/R-373281-1227547144.jpeg.jpg', 1991),
(575, 'Lake Of Fire', 'https://www.gap-tallard-durance.fr/fileadmin/_processed_/5/a/csm_AdobeStock_cle_sol_03179e2243.jpg', 1994),
(576, 'Lithium', 'http://www.zicabloc.com/wp-content/uploads/2012/06/Nirvana-Lithium-294x300-200x200.jpg', 1991),
(577, 'Lounge Act', 'https://www.gap-tallard-durance.fr/fileadmin/_processed_/5/a/csm_AdobeStock_cle_sol_03179e2243.jpg', 1991),
(578, 'Love Buzz', 'https://statics.lesinrocks.com/content/thumbs/uploads/2015/09/width-410-height-410-crop-1/tumblr_ljazzdld9b1qir6ydo1_1280.jpg', 1989),
(579, 'Marigold', 'https://www.gap-tallard-durance.fr/fileadmin/_processed_/5/a/csm_AdobeStock_cle_sol_03179e2243.jpg', 1993),
(580, 'Milk It', 'https://www.gap-tallard-durance.fr/fileadmin/_processed_/5/a/csm_AdobeStock_cle_sol_03179e2243.jpg', 1993),
(581, 'Molly''s Lips', 'https://img.discogs.com/IdAubyuR-9mnLci5KY93oRihEvY=/fit-in/600x600/filters:strip_icc():format(jpeg):mode_rgb():quality(90)/discogs-images/R-6775902-1524713168-2665.png.jpg', 1990),
(582, 'Mrs. Butterworth', 'https://www.gap-tallard-durance.fr/fileadmin/_processed_/5/a/csm_AdobeStock_cle_sol_03179e2243.jpg', 1987),
(583, 'Oh The Guilt', 'https://img.discogs.com/WkE24VlZbw814Bc4-phXzDUXwZ0=/fit-in/600x595/filters:strip_icc():format(jpeg):mode_rgb():quality(90)/discogs-images/R-899758-1249495762.jpeg.jpg', 1993),
(584, 'Old Age', 'https://www.gap-tallard-durance.fr/fileadmin/_processed_/5/a/csm_AdobeStock_cle_sol_03179e2243.jpg', 2005),
(585, 'On A Plain', 'https://images-na.ssl-images-amazon.com/images/I/A1eKNCBx%2BcL._SX355_.jpg', 1991),
(586, 'Pay to Play', 'https://www.livenirvana.com/digitalnirvana/bootography/images/paytoplayfc.jpg', 1991),
(587, 'Polly', 'https://www.gap-tallard-durance.fr/fileadmin/_processed_/5/a/csm_AdobeStock_cle_sol_03179e2243.jpg', 1991),
(588, 'Rape Me', 'https://upload.wikimedia.org/wikipedia/en/thumb/6/6f/Nirvana_Rape_Me_German_CD_cover.jpg/220px-Nirvana_Rape_Me_German_CD_cover.jpg', 1993),
(589, 'Sappy', 'https://www.gap-tallard-durance.fr/fileadmin/_processed_/5/a/csm_AdobeStock_cle_sol_03179e2243.jpg', 1989),
(590, 'School', 'https://www.gap-tallard-durance.fr/fileadmin/_processed_/5/a/csm_AdobeStock_cle_sol_03179e2243.jpg', 1989),
(591, 'Serve The Servants', 'https://www.gap-tallard-durance.fr/fileadmin/_processed_/5/a/csm_AdobeStock_cle_sol_03179e2243.jpg', 1993),
(592, 'Sliver', 'https://images.rapgenius.com/d05687e6f94516c3322ce5115ac60787.900x900x1.jpg', 1992),
(593, 'Smells Like Teen Spirit', 'https://ring.cdandlp.com/paskale/photo_grande/115181405.jpg', 1991),
(594, 'Something in The Way', 'https://www.gap-tallard-durance.fr/fileadmin/_processed_/5/a/csm_AdobeStock_cle_sol_03179e2243.jpg', 1991),
(595, 'Son Of A Gun', 'https://www.gap-tallard-durance.fr/fileadmin/_processed_/5/a/csm_AdobeStock_cle_sol_03179e2243.jpg', 1992),
(596, 'Spank Thru', 'https://www.gap-tallard-durance.fr/fileadmin/_processed_/5/a/csm_AdobeStock_cle_sol_03179e2243.jpg', 1992),
(597, 'Stain', 'https://www.gap-tallard-durance.fr/fileadmin/_processed_/5/a/csm_AdobeStock_cle_sol_03179e2243.jpg', 1992),
(598, 'Stay Away', 'https://www.gap-tallard-durance.fr/fileadmin/_processed_/5/a/csm_AdobeStock_cle_sol_03179e2243.jpg', 1992),
(599, 'Territorial Pissings', 'http://www.zicabloc.com/wp-content/uploads/2018/01/Territorial-Pissing-Nirvana.jpg', 1991),
(600, 'The Man Who Sold The World', 'https://www.gap-tallard-durance.fr/fileadmin/_processed_/5/a/csm_AdobeStock_cle_sol_03179e2243.jpg', 1994),
(601, 'Very Ape', 'https://www.gap-tallard-durance.fr/fileadmin/_processed_/5/a/csm_AdobeStock_cle_sol_03179e2243.jpg', 1993),
(602, 'Where Did You Sleep Last Night', 'https://7zic.fr/wp-content/uploads/2017/04/cover-nirvana-where-did-you-sleep-last-night.jpg', 1994),
(603, 'You Know You''re Right', 'https://www.gap-tallard-durance.fr/fileadmin/_processed_/5/a/csm_AdobeStock_cle_sol_03179e2243.jpg', 1994),
(604, 'Adieu les filles', 'https://www.gap-tallard-durance.fr/fileadmin/_processed_/5/a/csm_AdobeStock_cle_sol_03179e2243.jpg', 2018),
(605, 'Basique', 'https://www.gap-tallard-durance.fr/fileadmin/_processed_/5/a/csm_AdobeStock_cle_sol_03179e2243.jpg', 2018),
(606, 'Bonne meuf', 'https://www.gap-tallard-durance.fr/fileadmin/_processed_/5/a/csm_AdobeStock_cle_sol_03179e2243.jpg', 2018),
(607, 'Dans ma ville, on traîne', 'https://www.gap-tallard-durance.fr/fileadmin/_processed_/5/a/csm_AdobeStock_cle_sol_03179e2243.jpg', 2018),
(608, 'Dis-moi', 'https://www.gap-tallard-durance.fr/fileadmin/_processed_/5/a/csm_AdobeStock_cle_sol_03179e2243.jpg', 2018),
(609, 'Discipline', 'https://www.gap-tallard-durance.fr/fileadmin/_processed_/5/a/csm_AdobeStock_cle_sol_03179e2243.jpg', 2018),
(610, 'Défaite de famille', 'https://www.gap-tallard-durance.fr/fileadmin/_processed_/5/a/csm_AdobeStock_cle_sol_03179e2243.jpg', 2018),
(611, 'Epilogue', 'https://www.gap-tallard-durance.fr/fileadmin/_processed_/5/a/csm_AdobeStock_cle_sol_03179e2243.jpg', 2018),
(612, 'Excuses ou mensonges', 'https://www.gap-tallard-durance.fr/fileadmin/_processed_/5/a/csm_AdobeStock_cle_sol_03179e2243.jpg', 2018),
(613, 'Fantômes', 'https://www.gap-tallard-durance.fr/fileadmin/_processed_/5/a/csm_AdobeStock_cle_sol_03179e2243.jpg', 2018),
(614, 'La famille, la famille', 'https://www.gap-tallard-durance.fr/fileadmin/_processed_/5/a/csm_AdobeStock_cle_sol_03179e2243.jpg', 2018),
(615, 'La fête est finie', 'https://www.gap-tallard-durance.fr/fileadmin/_processed_/5/a/csm_AdobeStock_cle_sol_03179e2243.jpg', 2018),
(616, 'La lumière', 'https://www.gap-tallard-durance.fr/fileadmin/_processed_/5/a/csm_AdobeStock_cle_sol_03179e2243.jpg', 2018),
(617, 'Mes grands-parents', 'https://www.gap-tallard-durance.fr/fileadmin/_processed_/5/a/csm_AdobeStock_cle_sol_03179e2243.jpg', 2018),
(618, 'Paradis', 'https://www.gap-tallard-durance.fr/fileadmin/_processed_/5/a/csm_AdobeStock_cle_sol_03179e2243.jpg', 2018),
(619, 'Quand est-ce que ça s''arrête', 'https://www.gap-tallard-durance.fr/fileadmin/_processed_/5/a/csm_AdobeStock_cle_sol_03179e2243.jpg', 2018),
(620, 'San', 'https://www.gap-tallard-durance.fr/fileadmin/_processed_/5/a/csm_AdobeStock_cle_sol_03179e2243.jpg', 2018),
(621, 'Tout va bien', 'https://www.gap-tallard-durance.fr/fileadmin/_processed_/5/a/csm_AdobeStock_cle_sol_03179e2243.jpg', 2018),
(622, 'Crushcrushcrush', 'https://upload.wikimedia.org/wikipedia/en/thumb/2/21/Crushcrushcrushcover.jpg/220px-Crushcrushcrushcover.jpg', 2007),
(623, 'Misery Business', 'https://upload.wikimedia.org/wikipedia/en/thumb/b/bd/Misery_Business-Paramore_single.jpg/220px-Misery_Business-Paramore_single.jpg', 2007),
(624, 'Partenaire particulier', 'https://images-na.ssl-images-amazon.com/images/I/516s6iXkxaL._SY355_.jpg', 1986),
(625, 'A La File Indienne', 'https://www.gap-tallard-durance.fr/fileadmin/_processed_/5/a/csm_AdobeStock_cle_sol_03179e2243.jpg', 1953),
(626, 'Tu t''envoles', 'https://www.gap-tallard-durance.fr/fileadmin/_processed_/5/a/csm_AdobeStock_cle_sol_03179e2243.jpg', 1953),
(627, 'Avant l''heure', 'https://www.gap-tallard-durance.fr/fileadmin/_processed_/5/a/csm_AdobeStock_cle_sol_03179e2243.jpg', 1951),
(628, 'C''est d''la faute à tes yeux', 'https://www.gap-tallard-durance.fr/fileadmin/_processed_/5/a/csm_AdobeStock_cle_sol_03179e2243.jpg', 1950),
(629, 'C''est un Monsieur très distingué', 'https://www.gap-tallard-durance.fr/fileadmin/_processed_/5/a/csm_AdobeStock_cle_sol_03179e2243.jpg', 1941),
(630, 'Chanson bleue', 'https://www.gap-tallard-durance.fr/fileadmin/_processed_/5/a/csm_AdobeStock_cle_sol_03179e2243.jpg', 1951),
(631, 'Chante moi', 'https://www.gap-tallard-durance.fr/fileadmin/_processed_/5/a/csm_AdobeStock_cle_sol_03179e2243.jpg', 1951),
(632, 'Demain (Il fera jour)', 'https://www.gap-tallard-durance.fr/fileadmin/_processed_/5/a/csm_AdobeStock_cle_sol_03179e2243.jpg', 1951),
(633, 'Elle a dit', 'https://www.gap-tallard-durance.fr/fileadmin/_processed_/5/a/csm_AdobeStock_cle_sol_03179e2243.jpg', 1952),
(634, 'J''ai dansé avec l''Amour', 'https://www.gap-tallard-durance.fr/fileadmin/_processed_/5/a/csm_AdobeStock_cle_sol_03179e2243.jpg', 1941),
(635, 'J''ai qu''à l''regarder…', 'https://www.gap-tallard-durance.fr/fileadmin/_processed_/5/a/csm_AdobeStock_cle_sol_03179e2243.jpg', 1943),
(636, 'La Vie en rose', 'https://artwork-cdn.7static.com/static/img/sleeveart/00/065/360/0006536075_350.jpg', 1946),
(637, 'Le Vagabond', 'https://www.gap-tallard-durance.fr/fileadmin/_processed_/5/a/csm_AdobeStock_cle_sol_03179e2243.jpg', 1941),
(638, 'Les Amants d''un jour', 'https://www.gap-tallard-durance.fr/fileadmin/_processed_/5/a/csm_AdobeStock_cle_sol_03179e2243.jpg', 1956),
(639, 'L''Homme des bars', 'https://www.gap-tallard-durance.fr/fileadmin/_processed_/5/a/csm_AdobeStock_cle_sol_03179e2243.jpg', 1941),
(640, 'Légende', 'https://www.gap-tallard-durance.fr/fileadmin/_processed_/5/a/csm_AdobeStock_cle_sol_03179e2243.jpg', 1955),
(641, 'Où sont ils mes copains', 'https://www.gap-tallard-durance.fr/fileadmin/_processed_/5/a/csm_AdobeStock_cle_sol_03179e2243.jpg', 1941),
(642, 'Si tu partais', 'https://www.gap-tallard-durance.fr/fileadmin/_processed_/5/a/csm_AdobeStock_cle_sol_03179e2243.jpg', 1947),
(643, 'Tu es partout', 'https://www.gap-tallard-durance.fr/fileadmin/_processed_/5/a/csm_AdobeStock_cle_sol_03179e2243.jpg', 1943),
(644, 'Un coin tout bleu', 'https://www.gap-tallard-durance.fr/fileadmin/_processed_/5/a/csm_AdobeStock_cle_sol_03179e2243.jpg', 1942),
(645, 'Un grand amour qui s''achève', 'https://www.gap-tallard-durance.fr/fileadmin/_processed_/5/a/csm_AdobeStock_cle_sol_03179e2243.jpg', 1955),
(646, 'Un homme comme les autres', 'https://www.gap-tallard-durance.fr/fileadmin/_processed_/5/a/csm_AdobeStock_cle_sol_03179e2243.jpg', 1947),
(647, 'Un refrain courait dans la rue', 'https://www.gap-tallard-durance.fr/fileadmin/_processed_/5/a/csm_AdobeStock_cle_sol_03179e2243.jpg', 1946),
(648, 'Y''en a un de trop', 'https://www.gap-tallard-durance.fr/fileadmin/_processed_/5/a/csm_AdobeStock_cle_sol_03179e2243.jpg', 1939),
(649, 'Ça gueule ça, Madame', 'https://www.gap-tallard-durance.fr/fileadmin/_processed_/5/a/csm_AdobeStock_cle_sol_03179e2243.jpg', 1952),
(650, 'Quand on prie la bonne étoile', 'https://www.gap-tallard-durance.fr/fileadmin/_processed_/5/a/csm_AdobeStock_cle_sol_03179e2243.jpg', 1946),
(651, 'Sifflez Vite Vite', 'https://www.gap-tallard-durance.fr/fileadmin/_processed_/5/a/csm_AdobeStock_cle_sol_03179e2243.jpg', 1946),
(652, 'When you wish upon a star', 'https://www.gap-tallard-durance.fr/fileadmin/_processed_/5/a/csm_AdobeStock_cle_sol_03179e2243.jpg', 1946),
(653, 'Au Détour De La Rivière', 'https://www.gap-tallard-durance.fr/fileadmin/_processed_/5/a/csm_AdobeStock_cle_sol_03179e2243.jpg', 1995),
(654, 'Colours of the wind', 'https://www.gap-tallard-durance.fr/fileadmin/_processed_/5/a/csm_AdobeStock_cle_sol_03179e2243.jpg', 1995),
(655, 'If i never knew you', 'https://www.gap-tallard-durance.fr/fileadmin/_processed_/5/a/csm_AdobeStock_cle_sol_03179e2243.jpg', 1995),
(656, 'L''air du vent', 'https://www.gap-tallard-durance.fr/fileadmin/_processed_/5/a/csm_AdobeStock_cle_sol_03179e2243.jpg', 1995),
(657, 'Armata Strigoi', 'https://direct.rhapsody.com/imageserver/images/Alb.187107991/500x500.jpg', 2015),
(658, 'Demons Are a Girl''s Best Friend', 'https://direct.rhapsody.com/imageserver/images/Alb.312649143/500x500.jpg', 2018),
(659, 'Incense & Iron', 'https://images.genius.com/33de6bb9a9139128c1f106e1ad7a2d25.960x960x1.jpg', 2018),
(660, 'Killers with the Cross', 'https://www.gap-tallard-durance.fr/fileadmin/_processed_/5/a/csm_AdobeStock_cle_sol_03179e2243.jpg', 2018),
(661, 'If you can dream (Pop version)', 'https://www.gap-tallard-durance.fr/fileadmin/_processed_/5/a/csm_AdobeStock_cle_sol_03179e2243.jpg', 2004),
(662, '''39', 'https://www.gap-tallard-durance.fr/fileadmin/_processed_/5/a/csm_AdobeStock_cle_sol_03179e2243.jpg', 1975),
(663, 'A Kind of ''A Kind of Magic'' (Extra Magical Ingredient)', 'https://img.cdandlp.com/2016/12/imgL/118390945.jpg', 1986),
(664, 'A Kind of Magic', 'https://img.cdandlp.com/2016/12/imgL/118390945.jpg', 1986),
(665, 'A Winter''s Tale', 'https://upload.wikimedia.org/wikipedia/en/8/83/Winterho.jpg', 1995),
(666, 'Action This Day', 'https://www.gap-tallard-durance.fr/fileadmin/_processed_/5/a/csm_AdobeStock_cle_sol_03179e2243.jpg', 1982),
(667, 'All Dead, All Dead', 'https://www.gap-tallard-durance.fr/fileadmin/_processed_/5/a/csm_AdobeStock_cle_sol_03179e2243.jpg', 1977),
(668, 'All God''s People', 'https://www.gap-tallard-durance.fr/fileadmin/_processed_/5/a/csm_AdobeStock_cle_sol_03179e2243.jpg', 1991),
(669, 'Another One Bites the Dust', 'https://img.cdandlp.com/2015/06/imgL/117585058.jpg', 1980),
(670, 'Arboria (Planet Of The Tree Men)', 'https://www.gap-tallard-durance.fr/fileadmin/_processed_/5/a/csm_AdobeStock_cle_sol_03179e2243.jpg', 1980),
(671, 'Back Chat', 'https://upload.wikimedia.org/wikipedia/commons/thumb/b/be/Queen-Back_Chat.jpg/220px-Queen-Back_Chat.jpg', 1982),
(672, 'Battle Theme', 'https://www.gap-tallard-durance.fr/fileadmin/_processed_/5/a/csm_AdobeStock_cle_sol_03179e2243.jpg', 1980),
(673, 'Bicycle Race', 'https://img.cdandlp.com/2017/09/imgL/118939276.png', 1978),
(674, 'Bijou', 'https://www.gap-tallard-durance.fr/fileadmin/_processed_/5/a/csm_AdobeStock_cle_sol_03179e2243.jpg', 1991),
(675, 'Body Language', 'https://upload.wikimedia.org/wikipedia/en/thumb/1/14/Body_Language_.jpg/220px-Body_Language_.jpg', 1982),
(676, 'Bohemian Rhapsody', 'https://images-na.ssl-images-amazon.com/images/I/51an%2Buz6PAL._SY355_.jpg', 1975),
(677, 'Breakthru', 'https://upload.wikimedia.org/wikipedia/en/thumb/3/38/Queen_Breakthru.png/220px-Queen_Breakthru.png', 1989),
(678, 'Brighton Rock', 'https://www.gap-tallard-durance.fr/fileadmin/_processed_/5/a/csm_AdobeStock_cle_sol_03179e2243.jpg', 1974),
(679, 'Bring Back That Leroy Brown', 'https://img.discogs.com/A50RtssGGP-b53Z-RDTqWRNrdP0=/fit-in/600x449/filters:strip_icc():format(jpeg):mode_rgb():quality(90)/discogs-images/R-8014093-1453496044-9660.jpeg.jpg', 1974),
(680, 'Calling All Girls', 'https://upload.wikimedia.org/wikipedia/commons/thumb/b/be/Queen-calling_all_girls.jpg/220px-Queen-calling_all_girls.jpg', 1982),
(681, 'Chinese Torture (Extra Track)', 'https://www.gap-tallard-durance.fr/fileadmin/_processed_/5/a/csm_AdobeStock_cle_sol_03179e2243.jpg', 1989),
(682, 'Coming Soon', 'https://www.gap-tallard-durance.fr/fileadmin/_processed_/5/a/csm_AdobeStock_cle_sol_03179e2243.jpg', 1980),
(683, 'Cool Cat', 'https://www.gap-tallard-durance.fr/fileadmin/_processed_/5/a/csm_AdobeStock_cle_sol_03179e2243.jpg', 1982),
(684, 'Crash Dive On Mingo City', 'https://www.gap-tallard-durance.fr/fileadmin/_processed_/5/a/csm_AdobeStock_cle_sol_03179e2243.jpg', 1980),
(685, 'Crazy Little Thing Called Love', 'https://images-eu.ssl-images-amazon.com/images/I/51pKudS+M-L._AC_US218_.jpg', 1980),
(686, 'Dancer', 'https://www.gap-tallard-durance.fr/fileadmin/_processed_/5/a/csm_AdobeStock_cle_sol_03179e2243.jpg', 1982),
(687, 'Dead On Time', 'https://www.gap-tallard-durance.fr/fileadmin/_processed_/5/a/csm_AdobeStock_cle_sol_03179e2243.jpg', 1978),
(688, 'Dear Friends', 'https://www.gap-tallard-durance.fr/fileadmin/_processed_/5/a/csm_AdobeStock_cle_sol_03179e2243.jpg', 1974),
(689, 'Death on Two Legs', 'https://www.gap-tallard-durance.fr/fileadmin/_processed_/5/a/csm_AdobeStock_cle_sol_03179e2243.jpg', 1975),
(690, 'Delilah', 'https://www.gap-tallard-durance.fr/fileadmin/_processed_/5/a/csm_AdobeStock_cle_sol_03179e2243.jpg', 1991),
(691, 'Doing All Right', 'https://www.gap-tallard-durance.fr/fileadmin/_processed_/5/a/csm_AdobeStock_cle_sol_03179e2243.jpg', 1973),
(692, 'Don''t Lose Your Head', 'https://www.gap-tallard-durance.fr/fileadmin/_processed_/5/a/csm_AdobeStock_cle_sol_03179e2243.jpg', 1986),
(693, 'Don''t Stop Me Now', 'https://www.gap-tallard-durance.fr/fileadmin/_processed_/5/a/csm_AdobeStock_cle_sol_03179e2243.jpg', 1978),
(694, 'Don''t Try So Hard', 'https://www.gap-tallard-durance.fr/fileadmin/_processed_/5/a/csm_AdobeStock_cle_sol_03179e2243.jpg', 1991),
(695, 'Don''t Try Suicide', 'https://www.gap-tallard-durance.fr/fileadmin/_processed_/5/a/csm_AdobeStock_cle_sol_03179e2243.jpg', 1980),
(696, 'Dragon Attack', 'https://upload.wikimedia.org/wikipedia/en/thumb/1/1a/Dragon_attack.jpg/220px-Dragon_attack.jpg', 1980),
(697, 'Dreamer''s Ball', 'http://bootlegpedia.com/imagesCache.php?site=bootlegpedia&image=Wardour-006.jpg&directory=products&height=325&width=325&rootDirectory=images', 1978),
(698, 'Drowse', 'https://www.gap-tallard-durance.fr/fileadmin/_processed_/5/a/csm_AdobeStock_cle_sol_03179e2243.jpg', 1976),
(699, 'Escape From The Swamp', 'https://www.gap-tallard-durance.fr/fileadmin/_processed_/5/a/csm_AdobeStock_cle_sol_03179e2243.jpg', 1980),
(700, 'Execution Of Flash', 'https://www.gap-tallard-durance.fr/fileadmin/_processed_/5/a/csm_AdobeStock_cle_sol_03179e2243.jpg', 1980),
(701, 'Fat Bottomed Girls', 'https://img.cdandlp.com/2017/09/imgL/118939276.png', 1978),
(702, 'Father To Son', 'https://www.gap-tallard-durance.fr/fileadmin/_processed_/5/a/csm_AdobeStock_cle_sol_03179e2243.jpg', 1974),
(703, 'Fight From The Inside', 'https://www.gap-tallard-durance.fr/fileadmin/_processed_/5/a/csm_AdobeStock_cle_sol_03179e2243.jpg', 1977),
(704, 'Flash To The Rescue', 'https://www.gap-tallard-durance.fr/fileadmin/_processed_/5/a/csm_AdobeStock_cle_sol_03179e2243.jpg', 1980),
(705, 'Flash''s Theme Reprise (Victory Celebrations)', 'https://www.gap-tallard-durance.fr/fileadmin/_processed_/5/a/csm_AdobeStock_cle_sol_03179e2243.jpg', 1980),
(706, 'Flash''s Theme', 'https://www.gap-tallard-durance.fr/fileadmin/_processed_/5/a/csm_AdobeStock_cle_sol_03179e2243.jpg', 1980),
(707, 'Flick of The Wrist', 'https://images-na.ssl-images-amazon.com/images/I/61c20HqAZ7L._SY355_.jpg', 1974),
(708, 'Football Fight', 'https://images-na.ssl-images-amazon.com/images/I/61c20HqAZ7L._SY355_.jpg', 1980),
(709, 'Forever (Extra Magical Ingredient)', 'https://www.gap-tallard-durance.fr/fileadmin/_processed_/5/a/csm_AdobeStock_cle_sol_03179e2243.jpg', 1986),
(710, 'Friends Will Be Friends Will Be Friends... (Extra Magical Ingredient)', 'https://m.media-amazon.com/images/M/MV5BNDVjODBiZWQtOTMwMS00MTU5LTkyM2QtNDc2NzRiMzUxZWU5XkEyXkFqcGdeQXVyMjUyNDk2ODc@._V1_.jpg', 1986),
(711, 'Friends Will Be Friends', 'https://m.media-amazon.com/images/M/MV5BNDVjODBiZWQtOTMwMS00MTU5LTkyM2QtNDc2NzRiMzUxZWU5XkEyXkFqcGdeQXVyMjUyNDk2ODc@._V1_.jpg', 1986),
(712, 'Fun It', 'https://www.gap-tallard-durance.fr/fileadmin/_processed_/5/a/csm_AdobeStock_cle_sol_03179e2243.jpg', 1978),
(713, 'Funny How Love Is', 'https://www.gap-tallard-durance.fr/fileadmin/_processed_/5/a/csm_AdobeStock_cle_sol_03179e2243.jpg', 1974),
(714, 'Get Down, Make Love', 'https://img.discogs.com/fqcoU46dB_z41jUIGk-lNtAO-4I=/fit-in/300x300/filters:strip_icc():format(jpeg):mode_rgb():quality(40)/discogs-images/R-8014175-1453497659-3247.jpeg.jpg', 1977),
(715, 'Gimme the Prize', 'https://www.gap-tallard-durance.fr/fileadmin/_processed_/5/a/csm_AdobeStock_cle_sol_03179e2243.jpg', 1986),
(716, 'God Save the Queen', 'https://www.gap-tallard-durance.fr/fileadmin/_processed_/5/a/csm_AdobeStock_cle_sol_03179e2243.jpg', 1975),
(717, 'Good Company', 'https://www.gap-tallard-durance.fr/fileadmin/_processed_/5/a/csm_AdobeStock_cle_sol_03179e2243.jpg', 1975),
(718, 'Good Old Fashioned Lover Boy', 'https://upload.wikimedia.org/wikipedia/en/thumb/0/0b/Queen%27s_First_EP.jpg/220px-Queen%27s_First_EP.jpg', 1976),
(719, 'Great King Rat', 'http://images.45cat.com/queen-great-king-rat-budkon-s.jpg', 1973),
(720, 'Hammer to Fall', 'https://upload.wikimedia.org/wikipedia/en/8/8c/Liveham.jpg', 1984),
(721, 'Hang On In There (Extra Track)', 'https://www.gap-tallard-durance.fr/fileadmin/_processed_/5/a/csm_AdobeStock_cle_sol_03179e2243.jpg', 1989),
(722, 'Headlong', 'https://upload.wikimedia.org/wikipedia/en/thumb/4/41/Queen_headlong.jpg/220px-Queen_headlong.jpg', 1991),
(723, 'Heaven For Everyone', 'https://upload.wikimedia.org/wikipedia/en/7/70/Hfeuk1.jpg', 1995),
(724, 'I Can''t Live With You', 'https://upload.wikimedia.org/wikipedia/en/thumb/8/8a/ICan%27tLiveWithYouQueenpromo.jpg/220px-ICan%27tLiveWithYouQueenpromo.jpg', 1991),
(725, 'I Want It All', 'https://img.cdandlp.com/2016/02/imgL/117998086.jpg', 1989),
(726, 'I Want to Break Free', 'https://upload.wikimedia.org/wikipedia/en/a/a8/I_Want_To_Break_Free.jpg', 1984),
(727, 'I Was Born To Love You', 'https://upload.wikimedia.org/wikipedia/en/thumb/e/e6/Queen%2B-%2BI%2BWas%2BBorn%2BTo%2BLove%2BYou%2B-%2B3_%2BCD%2BSINGLE-313795.jpg/220px-Queen%2B-%2BI%2BWas%2BBorn%2BTo%2BLove%2BYou%2B-%2B3_%2BCD%2BSINGLE-313795.jpg', 1995),
(728, 'If You Can''t Beat Them', 'https://www.gap-tallard-durance.fr/fileadmin/_processed_/5/a/csm_AdobeStock_cle_sol_03179e2243.jpg', 1978),
(729, 'I''m Going Slightly Mad', 'https://www.gap-tallard-durance.fr/fileadmin/_processed_/5/a/csm_AdobeStock_cle_sol_03179e2243.jpg', 1991),
(730, 'I''m in Love with My Car', 'http://images.45cat.com/queen-im-in-love-with-my-car-budkon-s.jpg', 1975),
(731, 'In Only Seven Days', 'https://img.discogs.com/vzIr_-4ZxlYZgA4hvkP1yp5YV34=/fit-in/300x300/filters:strip_icc():format(jpeg):mode_rgb():quality(40)/discogs-images/R-7987958-1452989387-6822.jpeg.jpg', 1978),
(732, 'In The Death Cell (The Love Theme Reprise)', 'https://www.gap-tallard-durance.fr/fileadmin/_processed_/5/a/csm_AdobeStock_cle_sol_03179e2243.jpg', 1980),
(733, 'In The Lap of The Gods (Revisited)', 'https://www.gap-tallard-durance.fr/fileadmin/_processed_/5/a/csm_AdobeStock_cle_sol_03179e2243.jpg', 1974),
(734, 'In The Lap of The Gods', 'https://www.gap-tallard-durance.fr/fileadmin/_processed_/5/a/csm_AdobeStock_cle_sol_03179e2243.jpg', 1974),
(735, 'In The Space Capsule (The Love Theme)', 'https://www.gap-tallard-durance.fr/fileadmin/_processed_/5/a/csm_AdobeStock_cle_sol_03179e2243.jpg', 1980),
(736, 'Innuendo', 'https://images-na.ssl-images-amazon.com/images/I/71iRyn9BI8L._SL1092_.jpg', 1991),
(737, 'Is This the World We Created...?', 'https://www.gap-tallard-durance.fr/fileadmin/_processed_/5/a/csm_AdobeStock_cle_sol_03179e2243.jpg', 1984),
(738, 'It''s A Beautiful Day (Reprise)', 'https://www.gap-tallard-durance.fr/fileadmin/_processed_/5/a/csm_AdobeStock_cle_sol_03179e2243.jpg', 1995),
(739, 'It''s A Beautiful Day', 'https://www.gap-tallard-durance.fr/fileadmin/_processed_/5/a/csm_AdobeStock_cle_sol_03179e2243.jpg', 1995),
(740, 'It''s a Hard Life', 'https://images.991.com/large_image/Queen+Its+A+Hard+Life+-+overprinted+-121772.jpg', 1984),
(741, 'It''s Late', 'https://www.gap-tallard-durance.fr/fileadmin/_processed_/5/a/csm_AdobeStock_cle_sol_03179e2243.jpg', 1977),
(742, 'Jealousy', 'https://www.gap-tallard-durance.fr/fileadmin/_processed_/5/a/csm_AdobeStock_cle_sol_03179e2243.jpg', 1978),
(743, 'Jesus', 'https://www.gap-tallard-durance.fr/fileadmin/_processed_/5/a/csm_AdobeStock_cle_sol_03179e2243.jpg', 1973),
(744, 'Keep Passing the Open Windows', 'https://www.gap-tallard-durance.fr/fileadmin/_processed_/5/a/csm_AdobeStock_cle_sol_03179e2243.jpg', 1984),
(745, 'Keep Yourself Alive', 'https://upload.wikimedia.org/wikipedia/en/8/8a/Kyaport.jpg', 1973),
(746, 'Khashoggi''s Ship', 'https://www.gap-tallard-durance.fr/fileadmin/_processed_/5/a/csm_AdobeStock_cle_sol_03179e2243.jpg', 1989),
(747, 'Killer Queen', 'https://images-na.ssl-images-amazon.com/images/I/61c20HqAZ7L._SY355_.jpg', 1974),
(748, 'Las Palabras De Amor (The Words Of Love)', 'https://upload.wikimedia.org/wikipedia/en/1/14/Queen_Las_Palabras_De_Amor.png', 1982),
(749, 'Lazing on a Sunday Afternoon', 'https://www.gap-tallard-durance.fr/fileadmin/_processed_/5/a/csm_AdobeStock_cle_sol_03179e2243.jpg', 1975),
(750, 'Leaving Home Ain''t Easy', 'http://images.45cat.com/queen-leaving-home-aint-easy-budkon-s.jpg', 1978),
(751, 'Let Me Entertain You', 'http://images.45cat.com/queen-let-me-entertain-you-emi-4.jpg', 1978),
(752, 'Let Me Live', 'https://upload.wikimedia.org/wikipedia/en/thumb/4/4b/Letlive1.jpg/220px-Letlive1.jpg', 1995),
(753, 'Liar', 'https://www.gap-tallard-durance.fr/fileadmin/_processed_/5/a/csm_AdobeStock_cle_sol_03179e2243.jpg', 1973),
(754, 'Life Is Real (Song For Lennon)', 'https://www.gap-tallard-durance.fr/fileadmin/_processed_/5/a/csm_AdobeStock_cle_sol_03179e2243.jpg', 1982),
(755, 'Lily of The Valley', 'https://img.cdandlp.com/2012/08/imgL/115163659.jpg', 1974),
(756, 'Long Away', 'https://www.gap-tallard-durance.fr/fileadmin/_processed_/5/a/csm_AdobeStock_cle_sol_03179e2243.jpg', 1976),
(757, 'Love of My Life', 'https://media.ultratop.be/cover/big/queen-love_of_my_life_[live]_s_1.jpg', 1975);
INSERT INTO `piste` (`idPiste`, `nomPiste`, `imagePiste`, `annéePiste`) VALUES
(758, 'Machines (Back to Humans)', 'https://www.gap-tallard-durance.fr/fileadmin/_processed_/5/a/csm_AdobeStock_cle_sol_03179e2243.jpg', 1984),
(759, 'Made In Heaven', 'https://p7.storage.canalblog.com/72/54/636073/43917798.jpg', 1995),
(760, 'Man on the Prowl', 'https://www.gap-tallard-durance.fr/fileadmin/_processed_/5/a/csm_AdobeStock_cle_sol_03179e2243.jpg', 1984),
(761, 'Marriage Of Dale And Ming (And Flash Approaching)', 'https://www.gap-tallard-durance.fr/fileadmin/_processed_/5/a/csm_AdobeStock_cle_sol_03179e2243.jpg', 1980),
(762, 'Ming''s Theme (In The Court Of Ming The Merciless)', 'https://www.gap-tallard-durance.fr/fileadmin/_processed_/5/a/csm_AdobeStock_cle_sol_03179e2243.jpg', 1980),
(763, 'Misfire', 'https://www.gap-tallard-durance.fr/fileadmin/_processed_/5/a/csm_AdobeStock_cle_sol_03179e2243.jpg', 1974),
(764, 'Modern Times Rock`n` Roll', 'https://img.cdandlp.com/2018/08/imgL/119269738.jpg', 1973),
(765, 'More Of That Jazz', 'https://img.discogs.com/sYZkPDAgGFh9rlHPOqsg-s-K71k=/fit-in/300x300/filters:strip_icc():format(jpeg):mode_rgb():quality(40)/discogs-images/R-8015047-1453513135-3103.jpeg.jpg', 1978),
(766, 'Mother Love', 'https://www.gap-tallard-durance.fr/fileadmin/_processed_/5/a/csm_AdobeStock_cle_sol_03179e2243.jpg', 1995),
(767, 'Mustapha', 'https://upload.wikimedia.org/wikipedia/en/2/21/Mustager.jpg', 1978),
(768, 'My Baby Does Me', 'https://www.gap-tallard-durance.fr/fileadmin/_processed_/5/a/csm_AdobeStock_cle_sol_03179e2243.jpg', 1989),
(769, 'My Fairy King', 'https://www.gap-tallard-durance.fr/fileadmin/_processed_/5/a/csm_AdobeStock_cle_sol_03179e2243.jpg', 1973),
(770, 'My Life Has Been Saved', 'https://www.gap-tallard-durance.fr/fileadmin/_processed_/5/a/csm_AdobeStock_cle_sol_03179e2243.jpg', 1995),
(771, 'My Melancholy Blues', 'https://www.gap-tallard-durance.fr/fileadmin/_processed_/5/a/csm_AdobeStock_cle_sol_03179e2243.jpg', 1977),
(772, 'Need Your Loving Tonight', 'https://img.discogs.com/eyc7Xtufv0dqJLAxvt5Ue1AB1yg=/fit-in/300x300/filters:strip_icc():format(jpeg):mode_rgb():quality(40)/discogs-images/R-3956553-1350469189-5431.jpeg.jpg', 1980),
(773, 'Nevermore', 'https://www.gap-tallard-durance.fr/fileadmin/_processed_/5/a/csm_AdobeStock_cle_sol_03179e2243.jpg', 1974),
(774, 'Now I''m Here', 'https://upload.wikimedia.org/wikipedia/en/5/59/Nihere.jpg', 1974),
(775, 'Ogre Battle', 'https://www.gap-tallard-durance.fr/fileadmin/_processed_/5/a/csm_AdobeStock_cle_sol_03179e2243.jpg', 1974),
(776, 'One Vision', 'https://upload.wikimedia.org/wikipedia/en/thumb/f/ff/One_vision.jpg/220px-One_vision.jpg', 1986),
(777, 'One Year of Love', 'https://upload.wikimedia.org/wikipedia/en/f/f1/One_Year_of_Love.jpg', 1986),
(778, 'Pain Is So Close to Pleasure', 'https://upload.wikimedia.org/wikipedia/en/4/48/Pain_is_so_close_to_pleasure_single.jpg', 1986),
(779, 'Party', 'https://www.gap-tallard-durance.fr/fileadmin/_processed_/5/a/csm_AdobeStock_cle_sol_03179e2243.jpg', 1989),
(780, 'Play The Game', 'https://img.cdandlp.com/2018/04/imgL/119118811.jpg', 1980),
(781, 'Princes of the Universe', 'https://upload.wikimedia.org/wikipedia/en/thumb/4/46/Princesa.jpg/220px-Princesa.jpg', 1986),
(782, 'Procession', 'https://www.gap-tallard-durance.fr/fileadmin/_processed_/5/a/csm_AdobeStock_cle_sol_03179e2243.jpg', 1974),
(783, 'Put Out The Fire', 'https://www.gap-tallard-durance.fr/fileadmin/_processed_/5/a/csm_AdobeStock_cle_sol_03179e2243.jpg', 1982),
(784, 'Radio Ga Ga', 'https://popmusicdeluxe.files.wordpress.com/2018/11/r-1698467-1433354717-1339-jpeg.jpg?w=723', 1984),
(785, 'Rain Must Fall', 'https://www.gap-tallard-durance.fr/fileadmin/_processed_/5/a/csm_AdobeStock_cle_sol_03179e2243.jpg', 1989),
(786, 'Ride The Wild Wind', 'https://www.gap-tallard-durance.fr/fileadmin/_processed_/5/a/csm_AdobeStock_cle_sol_03179e2243.jpg', 1991),
(787, 'Rock It (prime jive)', 'https://www.gap-tallard-durance.fr/fileadmin/_processed_/5/a/csm_AdobeStock_cle_sol_03179e2243.jpg', 1980),
(788, 'Sail Away Sweet Sister', 'https://www.gap-tallard-durance.fr/fileadmin/_processed_/5/a/csm_AdobeStock_cle_sol_03179e2243.jpg', 1980),
(789, 'Save Me', 'https://img.cdandlp.com/2018/06/imgL/1139047815.jpg', 1980),
(790, 'Scandal', 'https://upload.wikimedia.org/wikipedia/en/thumb/0/0e/Queen_Scandal.png/220px-Queen_Scandal.png', 1989),
(791, 'Seaside Rendezvous', 'https://www.gap-tallard-durance.fr/fileadmin/_processed_/5/a/csm_AdobeStock_cle_sol_03179e2243.jpg', 1975),
(792, 'Seven Seas of Rhye (Instrumental)', 'https://upload.wikimedia.org/wikipedia/en/thumb/d/df/SevenSeasOfRhye.jpg/220px-SevenSeasOfRhye.jpg', 1973),
(793, 'Seven Seas Of Rhye', 'https://upload.wikimedia.org/wikipedia/en/thumb/d/df/SevenSeasOfRhye.jpg/220px-SevenSeasOfRhye.jpg', 1974),
(794, 'She Makes Me (Stormtrooper in Stilettos)', 'https://www.gap-tallard-durance.fr/fileadmin/_processed_/5/a/csm_AdobeStock_cle_sol_03179e2243.jpg', 1974),
(795, 'Sheer Heart Attack', 'https://p6.storage.canalblog.com/64/40/636073/46731766.jpg', 1977),
(796, 'Sleeping On The Sidewalk', 'https://www.gap-tallard-durance.fr/fileadmin/_processed_/5/a/csm_AdobeStock_cle_sol_03179e2243.jpg', 1977),
(797, 'Some Day One Day', 'https://www.gap-tallard-durance.fr/fileadmin/_processed_/5/a/csm_AdobeStock_cle_sol_03179e2243.jpg', 1974),
(798, 'Somebody To Love', 'https://upload.wikimedia.org/wikipedia/en/thumb/d/dc/Stlove.jpg/220px-Stlove.jpg', 1976),
(799, 'Son & Daughter', 'https://www.gap-tallard-durance.fr/fileadmin/_processed_/5/a/csm_AdobeStock_cle_sol_03179e2243.jpg', 1973),
(800, 'Spread Your Wings', 'https://upload.wikimedia.org/wikipedia/en/thumb/f/fa/Queen_Spread_Your_Wings.png/220px-Queen_Spread_Your_Wings.png', 1977),
(801, 'Staying Power', 'https://www.gap-tallard-durance.fr/fileadmin/_processed_/5/a/csm_AdobeStock_cle_sol_03179e2243.jpg', 1982),
(802, 'Stone Cold Crazy', 'http://myqueencollection.com.ar/en/audio-bootleg/multitracks/stone-cold-crazy-1.jpg', 1974),
(803, 'Sweet Lady', 'https://img.discogs.com/VuUKlF7RDOfi7iUlEIOna9hZe8E=/fit-in/300x300/filters:strip_icc():format(jpeg):mode_rgb():quality(40)/discogs-images/R-639990-1522496456-7460.jpeg.jpg', 1975),
(804, 'Tear It Up', 'https://www.gap-tallard-durance.fr/fileadmin/_processed_/5/a/csm_AdobeStock_cle_sol_03179e2243.jpg', 1984),
(805, 'Tenement Funster', 'https://www.gap-tallard-durance.fr/fileadmin/_processed_/5/a/csm_AdobeStock_cle_sol_03179e2243.jpg', 1974),
(806, 'Teo Torriatte (Let Us Cling Together)', 'https://www.gap-tallard-durance.fr/fileadmin/_processed_/5/a/csm_AdobeStock_cle_sol_03179e2243.jpg', 1976),
(807, 'The Fairy Feller''s Master-stroke', 'https://www.gap-tallard-durance.fr/fileadmin/_processed_/5/a/csm_AdobeStock_cle_sol_03179e2243.jpg', 1974),
(808, 'The Hero', 'https://www.gap-tallard-durance.fr/fileadmin/_processed_/5/a/csm_AdobeStock_cle_sol_03179e2243.jpg', 1980),
(809, 'The Hitman', 'https://www.gap-tallard-durance.fr/fileadmin/_processed_/5/a/csm_AdobeStock_cle_sol_03179e2243.jpg', 1991),
(810, 'The Invisible Man (Extra Track)', 'http://leroidukitch.l.e.pic.centerblog.net/o/1d831778.jpg', 1989),
(811, 'The Invisible Man', 'http://leroidukitch.l.e.pic.centerblog.net/o/1d831778.jpg', 1989),
(812, 'The Kiss (Aura Resurrects Flash)', 'https://www.gap-tallard-durance.fr/fileadmin/_processed_/5/a/csm_AdobeStock_cle_sol_03179e2243.jpg', 1980),
(813, 'The Loser In The End', 'https://www.gap-tallard-durance.fr/fileadmin/_processed_/5/a/csm_AdobeStock_cle_sol_03179e2243.jpg', 1974),
(814, 'The March Of The Black Queen', 'https://www.gap-tallard-durance.fr/fileadmin/_processed_/5/a/csm_AdobeStock_cle_sol_03179e2243.jpg', 1974),
(815, 'The Millionaire Waltz', 'https://www.gap-tallard-durance.fr/fileadmin/_processed_/5/a/csm_AdobeStock_cle_sol_03179e2243.jpg', 1976),
(816, 'The Miracle', 'https://images-na.ssl-images-amazon.com/images/I/51mOmobNECL._SY355_.jpg', 1989),
(817, 'The Night Comes Down', 'https://www.gap-tallard-durance.fr/fileadmin/_processed_/5/a/csm_AdobeStock_cle_sol_03179e2243.jpg', 1973),
(818, 'The Prophet''s Song', 'https://www.gap-tallard-durance.fr/fileadmin/_processed_/5/a/csm_AdobeStock_cle_sol_03179e2243.jpg', 1975),
(819, 'The Ring (Hypnotic Seduction Of Dale)', 'https://www.gap-tallard-durance.fr/fileadmin/_processed_/5/a/csm_AdobeStock_cle_sol_03179e2243.jpg', 1980),
(820, 'The Show Must Go On', 'https://upload.wikimedia.org/wikipedia/en/thumb/a/a3/Queen_The_Show_Must_Go_On.png/220px-Queen_The_Show_Must_Go_On.png', 1991),
(821, 'The Wedding March', 'https://www.gap-tallard-durance.fr/fileadmin/_processed_/5/a/csm_AdobeStock_cle_sol_03179e2243.jpg', 1980),
(822, 'These Are The Days Of Our Lives', 'https://upload.wikimedia.org/wikipedia/en/thumb/6/68/Queen_-_%22These_Are_the_Days_of_Our_Lives%22_%28US_single%29.jpg/220px-Queen_-_%22These_Are_the_Days_of_Our_Lives%22_%28US_single%29.jpg', 1991),
(823, 'Tie Your Mother Down', 'https://images-na.ssl-images-amazon.com/images/I/51R2z0HKz5L._SX355_.jpg', 1976),
(824, 'Too Much Love Will Kill You', 'https://cosmicsong.drivehq.com/ImagesCosmic4/47122.jpg', 1995),
(825, 'Under Pressure', 'https://upload.wikimedia.org/wikipedia/commons/thumb/b/b3/Queen_%26_David_Bowie_-_Under_Pressure.jpeg/220px-Queen_%26_David_Bowie_-_Under_Pressure.jpeg', 1982),
(826, 'Vultan''s Theme (Attack Of The Hawk Men)', 'https://www.gap-tallard-durance.fr/fileadmin/_processed_/5/a/csm_AdobeStock_cle_sol_03179e2243.jpg', 1980),
(827, 'Was It All Worth It', 'https://www.gap-tallard-durance.fr/fileadmin/_processed_/5/a/csm_AdobeStock_cle_sol_03179e2243.jpg', 1989),
(828, 'We Are The Champions', 'https://images-na.ssl-images-amazon.com/images/I/718z%2BfVop8L._SX355_.jpg', 1977),
(829, 'We Will Rock You', 'https://img.discogs.com/edtM9TD7Wlec7c4V4k5oyiZvPjw=/fit-in/600x591/filters:strip_icc():format(jpeg):mode_rgb():quality(90)/discogs-images/R-8932168-1471729647-7324.jpeg.jpg', 1977),
(830, 'White Man', 'http://images.45cat.com/queen-white-man-emi-3.jpg', 1976),
(831, 'White Queen (As It Began)', 'https://www.gap-tallard-durance.fr/fileadmin/_processed_/5/a/csm_AdobeStock_cle_sol_03179e2243.jpg', 1974),
(832, 'Who Needs You', 'https://www.gap-tallard-durance.fr/fileadmin/_processed_/5/a/csm_AdobeStock_cle_sol_03179e2243.jpg', 1977),
(833, 'Who Wants to Live Forever', 'https://upload.wikimedia.org/wikipedia/en/8/8e/Wwtlfq.jpg', 1986),
(834, 'You And I', 'https://www.gap-tallard-durance.fr/fileadmin/_processed_/5/a/csm_AdobeStock_cle_sol_03179e2243.jpg', 1976),
(835, 'You Don''t Fool Me', 'https://upload.wikimedia.org/wikipedia/en/thumb/7/7a/You_don%27t_fool_me.jpg/220px-You_don%27t_fool_me.jpg', 1995),
(836, 'You Take My Breath Away', 'https://www.gap-tallard-durance.fr/fileadmin/_processed_/5/a/csm_AdobeStock_cle_sol_03179e2243.jpg', 1976),
(837, 'You''re My Best Friend', 'https://www.gap-tallard-durance.fr/fileadmin/_processed_/5/a/csm_AdobeStock_cle_sol_03179e2243.jpg', 1975),
(838, 'Où est la vraie vie', 'https://www.gap-tallard-durance.fr/fileadmin/_processed_/5/a/csm_AdobeStock_cle_sol_03179e2243.jpg', 2010),
(839, 'Adesso Tu', 'https://images-na.ssl-images-amazon.com/images/I/61S8MR6epXL._SY355_.jpg', 1986),
(840, 'L''aurora', 'https://www.gap-tallard-durance.fr/fileadmin/_processed_/5/a/csm_AdobeStock_cle_sol_03179e2243.jpg', 1996),
(841, 'Ma Che Bello Questo Amore', 'https://media.ultratop.be/cover/big/eros_ramazzotti-ma_che_bello_questo_amore_s.jpg', 1987),
(842, 'Più Bella Cosa', 'https://img.cdandlp.com/2018/02/imgL/119065694.jpg', 1996),
(843, 'Quanto Amore Sei', 'https://img.discogs.com/gYCluJJDdWra3Y26od15QMrVGsk=/fit-in/600x600/filters:strip_icc():format(jpeg):mode_rgb():quality(90)/discogs-images/R-2215819-1270343234.jpeg.jpg', 2004),
(844, 'Se Bastasse Una Canzone', 'https://images-na.ssl-images-amazon.com/images/I/A15ZNVH0wqL._SY355_.jpg', 1990),
(845, 'Una Storia Importante', 'https://img.cdandlp.com/2014/10/imgL/117181159.jpg', 1985),
(846, 'Un''altra Te', 'https://www.gap-tallard-durance.fr/fileadmin/_processed_/5/a/csm_AdobeStock_cle_sol_03179e2243.jpg', 1993),
(847, 'Apache Rose Peacock', 'https://www.gap-tallard-durance.fr/fileadmin/_processed_/5/a/csm_AdobeStock_cle_sol_03179e2243.jpg', 1991),
(848, 'Around The World', 'https://images-na.ssl-images-amazon.com/images/I/41B14NVN8VL.jpg', 1999),
(849, 'Blood Sugar Sex Magik', 'https://www.fuzz-bayonne.com/wp-content/uploads/2017/10/RED-HOT-CHILI-PEPPERS-Blood-Sugar-Sex-Magik.jpeg', 1991),
(850, 'Breaking the Girl', 'https://t2.genius.com/unsafe/222x220/https%3A%2F%2Fimages.genius.com%2F88a80a531e11648979cb41f3a646751f.600x596x1.jpg', 1991),
(851, 'Californication', 'https://m.media-amazon.com/images/I/81TnWHafWdL._SS500_.jpg', 1999),
(852, 'Easily', 'https://www.gap-tallard-durance.fr/fileadmin/_processed_/5/a/csm_AdobeStock_cle_sol_03179e2243.jpg', 1999),
(853, 'Emit Remmus', 'https://i1.sndcdn.com/avatars-000130616055-k2t3i2-t500x500.jpg', 1999),
(854, 'Funky Monks', 'https://upload.wikimedia.org/wikipedia/en/4/4e/Funkymonks.jpg', 1991),
(855, 'Get On Top', 'https://www.gap-tallard-durance.fr/fileadmin/_processed_/5/a/csm_AdobeStock_cle_sol_03179e2243.jpg', 1999),
(856, 'Give It Away', 'https://upload.wikimedia.org/wikipedia/en/thumb/8/83/Give_It_Away_Single_Cover.jpg/220px-Give_It_Away_Single_Cover.jpg', 1991),
(857, 'I Could Have Lied', 'https://www.gap-tallard-durance.fr/fileadmin/_processed_/5/a/csm_AdobeStock_cle_sol_03179e2243.jpg', 1991),
(858, 'I Like Dirt', 'https://www.gap-tallard-durance.fr/fileadmin/_processed_/5/a/csm_AdobeStock_cle_sol_03179e2243.jpg', 1999),
(859, 'If You Have to Ask', 'https://img.discogs.com/TfX1cQXNNiVyTPqE2_IiP8N3Sqw=/300x300/filters:strip_icc():format(jpeg):mode_rgb():quality(40)/discogs-images/R-431132-1164934689.jpeg.jpg', 1991),
(860, 'Mellowship Slinky in B Major', 'https://i.ytimg.com/vi/D3g-DEcbvlQ/hqdefault.jpg', 1991),
(861, 'My Lovely Man', 'https://www.gap-tallard-durance.fr/fileadmin/_processed_/5/a/csm_AdobeStock_cle_sol_03179e2243.jpg', 1991),
(862, 'Naked in the Rain', 'https://www.gap-tallard-durance.fr/fileadmin/_processed_/5/a/csm_AdobeStock_cle_sol_03179e2243.jpg', 1991),
(863, 'Otherside', 'https://m.media-amazon.com/images/M/MV5BYWE5NDI1MzktYWE4Ny00MDZjLThiNjYtMjU2ZTE2MjFkOTIyXkEyXkFqcGdeQXVyNTk1NTMyNzM@._V1_.jpg', 1999),
(864, 'Parallel Universe', 'https://www.gap-tallard-durance.fr/fileadmin/_processed_/5/a/csm_AdobeStock_cle_sol_03179e2243.jpg', 1999),
(865, 'Porcelain', 'https://www.gap-tallard-durance.fr/fileadmin/_processed_/5/a/csm_AdobeStock_cle_sol_03179e2243.jpg', 1999),
(866, 'Purple Stain', 'https://www.gap-tallard-durance.fr/fileadmin/_processed_/5/a/csm_AdobeStock_cle_sol_03179e2243.jpg', 1999),
(867, 'Right On Time', 'https://www.gap-tallard-durance.fr/fileadmin/_processed_/5/a/csm_AdobeStock_cle_sol_03179e2243.jpg', 1999),
(868, 'Road Trippin''', 'https://www.gap-tallard-durance.fr/fileadmin/_processed_/5/a/csm_AdobeStock_cle_sol_03179e2243.jpg', 1999),
(869, 'Savior', 'https://www.gap-tallard-durance.fr/fileadmin/_processed_/5/a/csm_AdobeStock_cle_sol_03179e2243.jpg', 1999),
(870, 'Scar Tissue', 'https://images.991.com/large_image/Red+Hot+Chili+Peppers+Scar+Tissue-136727.jpg', 1999),
(871, 'Sir Psycho Sexy', 'https://www.gap-tallard-durance.fr/fileadmin/_processed_/5/a/csm_AdobeStock_cle_sol_03179e2243.jpg', 1991),
(872, 'Suck My Kiss', 'https://upload.wikimedia.org/wikipedia/en/1/1a/Red_hot_chili_peppers_suck_my_kiss.png', 1991),
(873, 'The Greeting Song', 'https://www.gap-tallard-durance.fr/fileadmin/_processed_/5/a/csm_AdobeStock_cle_sol_03179e2243.jpg', 1991),
(874, 'The Power of Equality', 'https://www.gap-tallard-durance.fr/fileadmin/_processed_/5/a/csm_AdobeStock_cle_sol_03179e2243.jpg', 1991),
(875, 'Righteous And The Wicked, The', 'https://www.gap-tallard-durance.fr/fileadmin/_processed_/5/a/csm_AdobeStock_cle_sol_03179e2243.jpg', 1991),
(876, 'They''re Red Hot', 'https://www.gap-tallard-durance.fr/fileadmin/_processed_/5/a/csm_AdobeStock_cle_sol_03179e2243.jpg', 1991),
(877, 'This Velvet Glove', 'https://www.gap-tallard-durance.fr/fileadmin/_processed_/5/a/csm_AdobeStock_cle_sol_03179e2243.jpg', 1999),
(878, 'Under the Bridge', 'http://www.lesuricate.org/wp-content/uploads/2014/04/RED-HOT-CHILI-PEPPERS-Under-the-Bridge-1993.jpg', 1991),
(879, 'Magie noire', 'https://img.cdandlp.com/2017/12/imgL/119020108.png', 1986),
(880, 'To Hell And Back', 'https://www.lagrosseradio.com/webzine/images/9130.jpg', 2014),
(881, 'American Gipsy', 'https://www.gap-tallard-durance.fr/fileadmin/_processed_/5/a/csm_AdobeStock_cle_sol_03179e2243.jpg', 1981),
(882, 'Black Magic Woman', 'https://img.discogs.com/ZFtICfN7TbUFcNx7WJ4V3EgJqB8=/fit-in/300x300/filters:strip_icc():format(jpeg):mode_rgb():quality(40)/discogs-images/R-3272166-1543983932-3669.jpeg.jpg', 1993),
(883, 'Changes', 'https://img.discogs.com/iIrAzn1o-PfiqRPnDNa0OF8TpT4=/fit-in/300x300/filters:strip_icc():format(jpeg):mode_rgb():quality(40)/discogs-images/R-1676555-1356803140-4638.jpeg.jpg', 1981),
(884, 'Esperando', 'https://www.gap-tallard-durance.fr/fileadmin/_processed_/5/a/csm_AdobeStock_cle_sol_03179e2243.jpg', 1993),
(885, 'Europa', 'https://i.ebayimg.com/images/g/38EAAOSwoDFbfa0O/s-l300.jpg', 1993),
(886, 'Guajira', 'https://www.gap-tallard-durance.fr/fileadmin/_processed_/5/a/csm_AdobeStock_cle_sol_03179e2243.jpg', 1993),
(887, 'No One To Depend On', 'https://www.gap-tallard-durance.fr/fileadmin/_processed_/5/a/csm_AdobeStock_cle_sol_03179e2243.jpg', 1993),
(888, 'Oye Como Va', 'http://images.45cat.com/santana-oye-como-va-1971-7-s.jpg', 1993),
(889, 'Primera Invasion', 'https://www.gap-tallard-durance.fr/fileadmin/_processed_/5/a/csm_AdobeStock_cle_sol_03179e2243.jpg', 1981),
(890, 'Samba Pa Ti', 'https://www.gap-tallard-durance.fr/fileadmin/_processed_/5/a/csm_AdobeStock_cle_sol_03179e2243.jpg', 1993),
(891, 'Searchin', 'https://www.gap-tallard-durance.fr/fileadmin/_processed_/5/a/csm_AdobeStock_cle_sol_03179e2243.jpg', 1981),
(892, 'The Sensitive Kind', 'https://www.gap-tallard-durance.fr/fileadmin/_processed_/5/a/csm_AdobeStock_cle_sol_03179e2243.jpg', 1981),
(893, 'Vive La Vida (Life Is For Living)', 'https://www.gap-tallard-durance.fr/fileadmin/_processed_/5/a/csm_AdobeStock_cle_sol_03179e2243.jpg', 1993),
(894, 'Winning', 'https://www.gap-tallard-durance.fr/fileadmin/_processed_/5/a/csm_AdobeStock_cle_sol_03179e2243.jpg', 1981),
(895, 'É Papa Ré', 'https://www.gap-tallard-durance.fr/fileadmin/_processed_/5/a/csm_AdobeStock_cle_sol_03179e2243.jpg', 1981),
(896, 'La P''tite Lady', 'https://img.cdandlp.com/2018/06/imgL/119179858.jpg', 1984),
(897, 'Confidence pour confidence', 'https://img.cdandlp.com/2018/06/imgL/119179728-2.jpg', 1981),
(898, 'The Haunting', 'https://www.gap-tallard-durance.fr/fileadmin/_processed_/5/a/csm_AdobeStock_cle_sol_03179e2243.jpg', 2014),
(899, 'Why Worry', 'https://www.gap-tallard-durance.fr/fileadmin/_processed_/5/a/csm_AdobeStock_cle_sol_03179e2243.jpg', 2014),
(900, 'Wolf in Sheep''s Clothing (feat. William Beckett)', 'https://www.gap-tallard-durance.fr/fileadmin/_processed_/5/a/csm_AdobeStock_cle_sol_03179e2243.jpg', 2014),
(901, 'The Wolf', 'http://i.imgur.com/LCuxCn3.jpg', 2016),
(902, 'Awake and Alive', 'http://www.skillet.com/sites/g/files/g2000006001/f/201608/Skillet%20Awake.JPG', 2009),
(903, 'Feel Invincible', 'https://www.gap-tallard-durance.fr/fileadmin/_processed_/5/a/csm_AdobeStock_cle_sol_03179e2243.jpg', 2016),
(904, 'Not Gonna Die', 'https://m.media-amazon.com/images/I/91mgUXLGUGL._SS500_.jpg', 2013),
(905, 'The Resistance', 'https://www.gap-tallard-durance.fr/fileadmin/_processed_/5/a/csm_AdobeStock_cle_sol_03179e2243.jpg', 2016),
(906, 'Animal', 'https://www.gap-tallard-durance.fr/fileadmin/_processed_/5/a/csm_AdobeStock_cle_sol_03179e2243.jpg', 2017),
(907, 'Crossfire', 'https://m.media-amazon.com/images/I/71YP0K-CfjL._SS500_.jpg', 2016),
(908, 'Audition (The Fools Who Dream)', 'https://www.gap-tallard-durance.fr/fileadmin/_processed_/5/a/csm_AdobeStock_cle_sol_03179e2243.jpg', 2016),
(909, 'Let''s Go', 'https://www.gap-tallard-durance.fr/fileadmin/_processed_/5/a/csm_AdobeStock_cle_sol_03179e2243.jpg', 2012),
(910, 'The Antidote', 'https://www.gap-tallard-durance.fr/fileadmin/_processed_/5/a/csm_AdobeStock_cle_sol_03179e2243.jpg', 2017),
(911, 'Dans ma rue', 'https://m.media-amazon.com/images/I/81kC9rpMkKL._SS500_.jpg', 1988),
(912, '36', 'https://www.gap-tallard-durance.fr/fileadmin/_processed_/5/a/csm_AdobeStock_cle_sol_03179e2243.jpg', 2002),
(913, 'A.D.D (American Dream Denial)', 'https://www.gap-tallard-durance.fr/fileadmin/_processed_/5/a/csm_AdobeStock_cle_sol_03179e2243.jpg', 2002),
(914, 'Aerials', 'https://www.gap-tallard-durance.fr/fileadmin/_processed_/5/a/csm_AdobeStock_cle_sol_03179e2243.jpg', 2001),
(915, 'Atwa', 'https://www.gap-tallard-durance.fr/fileadmin/_processed_/5/a/csm_AdobeStock_cle_sol_03179e2243.jpg', 2001),
(916, 'B.Y.O.B. (Explicit)', 'https://www.gap-tallard-durance.fr/fileadmin/_processed_/5/a/csm_AdobeStock_cle_sol_03179e2243.jpg', 2005),
(917, 'Boom!', 'https://www.gap-tallard-durance.fr/fileadmin/_processed_/5/a/csm_AdobeStock_cle_sol_03179e2243.jpg', 2002),
(918, 'Bounce', 'https://www.gap-tallard-durance.fr/fileadmin/_processed_/5/a/csm_AdobeStock_cle_sol_03179e2243.jpg', 2001),
(919, 'Bubbles', 'https://www.gap-tallard-durance.fr/fileadmin/_processed_/5/a/csm_AdobeStock_cle_sol_03179e2243.jpg', 2002),
(920, 'Chic ''N'' Stu', 'https://www.gap-tallard-durance.fr/fileadmin/_processed_/5/a/csm_AdobeStock_cle_sol_03179e2243.jpg', 2002),
(921, 'Chop Suey!', 'https://www.gap-tallard-durance.fr/fileadmin/_processed_/5/a/csm_AdobeStock_cle_sol_03179e2243.jpg', 2001),
(922, 'Cigaro (Explicit)', 'https://www.gap-tallard-durance.fr/fileadmin/_processed_/5/a/csm_AdobeStock_cle_sol_03179e2243.jpg', 2005),
(923, 'Deer Dance', 'https://www.gap-tallard-durance.fr/fileadmin/_processed_/5/a/csm_AdobeStock_cle_sol_03179e2243.jpg', 2001),
(924, 'Ego Brain', 'https://www.gap-tallard-durance.fr/fileadmin/_processed_/5/a/csm_AdobeStock_cle_sol_03179e2243.jpg', 2002),
(925, 'Forest', 'https://www.gap-tallard-durance.fr/fileadmin/_processed_/5/a/csm_AdobeStock_cle_sol_03179e2243.jpg', 2001),
(926, 'Highway Song', 'https://www.gap-tallard-durance.fr/fileadmin/_processed_/5/a/csm_AdobeStock_cle_sol_03179e2243.jpg', 2002),
(927, 'Innervision', 'https://www.gap-tallard-durance.fr/fileadmin/_processed_/5/a/csm_AdobeStock_cle_sol_03179e2243.jpg', 2002),
(928, 'Jet Pilot', 'https://www.gap-tallard-durance.fr/fileadmin/_processed_/5/a/csm_AdobeStock_cle_sol_03179e2243.jpg', 2001),
(929, 'Lost In Hollywood', 'https://www.gap-tallard-durance.fr/fileadmin/_processed_/5/a/csm_AdobeStock_cle_sol_03179e2243.jpg', 2005),
(930, 'Mr. Jack', 'https://www.gap-tallard-durance.fr/fileadmin/_processed_/5/a/csm_AdobeStock_cle_sol_03179e2243.jpg', 2002),
(931, 'Needles', 'https://www.gap-tallard-durance.fr/fileadmin/_processed_/5/a/csm_AdobeStock_cle_sol_03179e2243.jpg', 2001),
(932, 'Nüguns', 'https://www.gap-tallard-durance.fr/fileadmin/_processed_/5/a/csm_AdobeStock_cle_sol_03179e2243.jpg', 2002),
(933, 'Old School Hollywood', 'https://www.gap-tallard-durance.fr/fileadmin/_processed_/5/a/csm_AdobeStock_cle_sol_03179e2243.jpg', 2005),
(934, 'Pictures', 'https://www.gap-tallard-durance.fr/fileadmin/_processed_/5/a/csm_AdobeStock_cle_sol_03179e2243.jpg', 2002),
(935, 'Prison Song', 'https://www.gap-tallard-durance.fr/fileadmin/_processed_/5/a/csm_AdobeStock_cle_sol_03179e2243.jpg', 2001),
(936, 'Psycho', 'https://www.gap-tallard-durance.fr/fileadmin/_processed_/5/a/csm_AdobeStock_cle_sol_03179e2243.jpg', 2001),
(937, 'Question!', 'https://www.gap-tallard-durance.fr/fileadmin/_processed_/5/a/csm_AdobeStock_cle_sol_03179e2243.jpg', 2005),
(938, 'Revenga', 'https://www.gap-tallard-durance.fr/fileadmin/_processed_/5/a/csm_AdobeStock_cle_sol_03179e2243.jpg', 2005),
(939, 'Roulette', 'https://www.gap-tallard-durance.fr/fileadmin/_processed_/5/a/csm_AdobeStock_cle_sol_03179e2243.jpg', 2002),
(940, 'Sad Statue', 'https://www.gap-tallard-durance.fr/fileadmin/_processed_/5/a/csm_AdobeStock_cle_sol_03179e2243.jpg', 2005),
(941, 'Science', 'https://www.gap-tallard-durance.fr/fileadmin/_processed_/5/a/csm_AdobeStock_cle_sol_03179e2243.jpg', 2001),
(942, 'Shimmy', 'https://www.gap-tallard-durance.fr/fileadmin/_processed_/5/a/csm_AdobeStock_cle_sol_03179e2243.jpg', 2001),
(943, 'Streamline', 'https://www.gap-tallard-durance.fr/fileadmin/_processed_/5/a/csm_AdobeStock_cle_sol_03179e2243.jpg', 2002),
(944, 'Thetawaves', 'https://www.gap-tallard-durance.fr/fileadmin/_processed_/5/a/csm_AdobeStock_cle_sol_03179e2243.jpg', 2002),
(945, 'This Cocaine Makes Me Feel Like I''m On This Song', 'https://www.gap-tallard-durance.fr/fileadmin/_processed_/5/a/csm_AdobeStock_cle_sol_03179e2243.jpg', 2005),
(946, 'Toxicity', 'https://images-na.ssl-images-amazon.com/images/I/91o4-BvL0fL._SL1500_.jpg', 2001),
(947, 'Violent Pornography (Explicit)', 'https://www.gap-tallard-durance.fr/fileadmin/_processed_/5/a/csm_AdobeStock_cle_sol_03179e2243.jpg', 2005),
(948, 'X', 'https://www.gap-tallard-durance.fr/fileadmin/_processed_/5/a/csm_AdobeStock_cle_sol_03179e2243.jpg', 2001),
(949, 'You''ll be in my heart', 'https://www.gap-tallard-durance.fr/fileadmin/_processed_/5/a/csm_AdobeStock_cle_sol_03179e2243.jpg', 1999),
(950, 'All Together Now', 'https://upload.wikimedia.org/wikipedia/en/thumb/c/cd/All_Together_Now_cover.jpg/220px-All_Together_Now_cover.jpg', 1969),
(951, 'All You Need Is Love', 'https://img.cdandlp.com/2017/07/imgL/3394960127.jpg', 1969),
(952, 'Because', 'https://www.gap-tallard-durance.fr/fileadmin/_processed_/5/a/csm_AdobeStock_cle_sol_03179e2243.jpg', 1969),
(953, 'Carry That Weight', 'https://www.gap-tallard-durance.fr/fileadmin/_processed_/5/a/csm_AdobeStock_cle_sol_03179e2243.jpg', 1969),
(954, 'Come Together', 'https://img.cdandlp.com/2014/07/imgL/117016909.jpg', 1969),
(955, 'Devil in Her Heart', 'https://www.gap-tallard-durance.fr/fileadmin/_processed_/5/a/csm_AdobeStock_cle_sol_03179e2243.jpg', 1964),
(956, 'Golden Slumbers', 'https://www.gap-tallard-durance.fr/fileadmin/_processed_/5/a/csm_AdobeStock_cle_sol_03179e2243.jpg', 1969),
(957, 'Her Majesty', 'https://www.gap-tallard-durance.fr/fileadmin/_processed_/5/a/csm_AdobeStock_cle_sol_03179e2243.jpg', 1969),
(958, 'Here Comes The Sun', 'http://ukulelecheats.com/wp-content/uploads/2016/03/here-comes-the-sun-ukulele-chords-tab-the-beatles-ukulele-chords-tab.jpg', 1969),
(959, 'Hey Bulldog', 'https://upload.wikimedia.org/wikipedia/en/thumb/c/cd/All_Together_Now_cover.jpg/220px-All_Together_Now_cover.jpg', 1969),
(960, 'I Call Your Name', 'https://www.gap-tallard-durance.fr/fileadmin/_processed_/5/a/csm_AdobeStock_cle_sol_03179e2243.jpg', 1964),
(961, 'I Want You (She''s So Heavy)', 'https://upload.wikimedia.org/wikipedia/en/b/b0/THE_BEATLES_I%2BWANT%2BYOU%2B%28SHES%2BSO%2BHEAVY%29-.jpg', 1969),
(962, 'I’ll Get You', 'https://www.gap-tallard-durance.fr/fileadmin/_processed_/5/a/csm_AdobeStock_cle_sol_03179e2243.jpg', 1964),
(963, 'It''s All Too Much', 'https://upload.wikimedia.org/wikipedia/en/thumb/5/54/It%27sAllTooMuch_sheet_music.jpg/180px-It%27sAllTooMuch_sheet_music.jpg', 1969),
(964, 'Long Tall Sally', 'https://www.gap-tallard-durance.fr/fileadmin/_processed_/5/a/csm_AdobeStock_cle_sol_03179e2243.jpg', 1964),
(965, 'March Of The Meanies', 'https://cdn-az.allevents.in/banners/0764b129940722f406f70f4ccb4706fc', 1969),
(966, 'Maxwell''s Silver Hammer', 'https://www.gap-tallard-durance.fr/fileadmin/_processed_/5/a/csm_AdobeStock_cle_sol_03179e2243.jpg', 1969),
(967, 'Mean Mr. Mustard', 'https://www.gap-tallard-durance.fr/fileadmin/_processed_/5/a/csm_AdobeStock_cle_sol_03179e2243.jpg', 1969),
(968, 'Money', 'https://www.gap-tallard-durance.fr/fileadmin/_processed_/5/a/csm_AdobeStock_cle_sol_03179e2243.jpg', 1964),
(969, 'Octopus''s Garden', 'https://www.gap-tallard-durance.fr/fileadmin/_processed_/5/a/csm_AdobeStock_cle_sol_03179e2243.jpg', 1969),
(970, 'Oh! Darling', 'https://www.gap-tallard-durance.fr/fileadmin/_processed_/5/a/csm_AdobeStock_cle_sol_03179e2243.jpg', 1969),
(971, 'Only A Northern Song', 'https://i.ytimg.com/vi/BP_jzyCsoyQ/hqdefault.jpg', 1969),
(972, 'Pepperland Laid Waste', 'https://www.gap-tallard-durance.fr/fileadmin/_processed_/5/a/csm_AdobeStock_cle_sol_03179e2243.jpg', 1969),
(973, 'Pepperland', 'https://1.bp.blogspot.com/-hjtKkxja1xQ/Wmvq4Buqj-I/AAAAAAAABHc/GY4ViFxuav4W2xcS182p2ZLeSQCfG7ZrQCLcBGAs/s640/folder.jpg', 1969),
(974, 'Please Mr. Postman', 'https://www.gap-tallard-durance.fr/fileadmin/_processed_/5/a/csm_AdobeStock_cle_sol_03179e2243.jpg', 1964),
(975, 'Polythene Pam', 'https://www.gap-tallard-durance.fr/fileadmin/_processed_/5/a/csm_AdobeStock_cle_sol_03179e2243.jpg', 1969),
(976, 'Roll Over Beethoven', 'https://www.gap-tallard-durance.fr/fileadmin/_processed_/5/a/csm_AdobeStock_cle_sol_03179e2243.jpg', 1964),
(977, 'Sea Of Holes', 'https://www.gap-tallard-durance.fr/fileadmin/_processed_/5/a/csm_AdobeStock_cle_sol_03179e2243.jpg', 1969),
(978, 'Sea Of Monsters', 'https://www.gap-tallard-durance.fr/fileadmin/_processed_/5/a/csm_AdobeStock_cle_sol_03179e2243.jpg', 1969),
(979, 'Sea Of Time', 'https://www.gap-tallard-durance.fr/fileadmin/_processed_/5/a/csm_AdobeStock_cle_sol_03179e2243.jpg', 1969),
(980, 'She Came In Through The Bathroom Window', 'https://farm4.staticflickr.com/3518/3972256575_b0a521b2cb_m.jpg', 1969),
(981, 'She Loves You', 'https://www.gap-tallard-durance.fr/fileadmin/_processed_/5/a/csm_AdobeStock_cle_sol_03179e2243.jpg', 1964),
(982, 'Something', 'http://d2lubch9d26anb.cloudfront.net/cdn/farfuture/NPUgtZ-SpAAOcmiyJNgh4R9IWPWrOlPGKzgKoNwxy8s/mtime:1500331798/sites/default/files/The%20Beatles%20-%20Something.jpg', 1969),
(983, 'Sun King', 'https://www.gap-tallard-durance.fr/fileadmin/_processed_/5/a/csm_AdobeStock_cle_sol_03179e2243.jpg', 1969),
(984, 'Thank You Girl', 'https://www.gap-tallard-durance.fr/fileadmin/_processed_/5/a/csm_AdobeStock_cle_sol_03179e2243.jpg', 1964),
(985, 'The End', 'https://www.gap-tallard-durance.fr/fileadmin/_processed_/5/a/csm_AdobeStock_cle_sol_03179e2243.jpg', 1969),
(986, 'Yellow Submarine In Pepperland', 'https://www.gap-tallard-durance.fr/fileadmin/_processed_/5/a/csm_AdobeStock_cle_sol_03179e2243.jpg', 1969),
(987, 'Yellow Submarine', 'https://is1-ssl.mzstatic.com/image/thumb/Music/v4/c9/20/8f/c9208f31-deb2-a75b-8b27-0d6bad71795b/5099962145657_1200x1200_300dpi.tiff/600x600bf.png', 1969),
(988, 'You Can’t Do That', 'https://www.gap-tallard-durance.fr/fileadmin/_processed_/5/a/csm_AdobeStock_cle_sol_03179e2243.jpg', 1964),
(989, 'You Never Give Me Your Money', 'https://www.gap-tallard-durance.fr/fileadmin/_processed_/5/a/csm_AdobeStock_cle_sol_03179e2243.jpg', 1969),
(990, 'You Really Got a Hold On Me', 'https://www.gap-tallard-durance.fr/fileadmin/_processed_/5/a/csm_AdobeStock_cle_sol_03179e2243.jpg', 1964),
(991, 'On My Shoulders', 'https://www.gap-tallard-durance.fr/fileadmin/_processed_/5/a/csm_AdobeStock_cle_sol_03179e2243.jpg', 2008),
(992, 'Somebody Told Me', 'https://upload.wikimedia.org/wikipedia/en/thumb/f/f5/Somebody-Told-Me.jpg/220px-Somebody-Told-Me.jpg', 2004),
(993, 'Salop(e)', 'https://www.gap-tallard-durance.fr/fileadmin/_processed_/5/a/csm_AdobeStock_cle_sol_03179e2243.jpg', 2018),
(994, '(I Can''t Get No) Satisfaction', 'https://static.fnac-static.com/multimedia/Images/FR/NR/1c/f0/6c/7139356/1540-1/tsp20150622124402/I-can-t-get-no-satisfaction-50th-anniversary.jpg', 1964),
(995, 'All of Your Love', 'https://www.gap-tallard-durance.fr/fileadmin/_processed_/5/a/csm_AdobeStock_cle_sol_03179e2243.jpg', 2016),
(996, 'Blue and Lonesome', 'https://www.gap-tallard-durance.fr/fileadmin/_processed_/5/a/csm_AdobeStock_cle_sol_03179e2243.jpg', 2016),
(997, 'Commit a Crime', 'https://www.gap-tallard-durance.fr/fileadmin/_processed_/5/a/csm_AdobeStock_cle_sol_03179e2243.jpg', 2016),
(998, 'Cry To Me', 'https://www.gap-tallard-durance.fr/fileadmin/_processed_/5/a/csm_AdobeStock_cle_sol_03179e2243.jpg', 1964),
(999, 'Everybody Knows About My Good Thing', 'https://www.gap-tallard-durance.fr/fileadmin/_processed_/5/a/csm_AdobeStock_cle_sol_03179e2243.jpg', 2016),
(1000, 'Good times, bad times', 'https://www.gap-tallard-durance.fr/fileadmin/_processed_/5/a/csm_AdobeStock_cle_sol_03179e2243.jpg', 1964),
(1001, 'Hate to See You Go', 'https://www.gap-tallard-durance.fr/fileadmin/_processed_/5/a/csm_AdobeStock_cle_sol_03179e2243.jpg', 2016),
(1002, 'Hitch Hike', 'https://www.gap-tallard-durance.fr/fileadmin/_processed_/5/a/csm_AdobeStock_cle_sol_03179e2243.jpg', 1964),
(1003, 'Hoo Doo Blues', 'https://www.gap-tallard-durance.fr/fileadmin/_processed_/5/a/csm_AdobeStock_cle_sol_03179e2243.jpg', 2016),
(1004, 'I Can''t Quit You Baby', 'https://www.gap-tallard-durance.fr/fileadmin/_processed_/5/a/csm_AdobeStock_cle_sol_03179e2243.jpg', 2016),
(1005, 'I Gotta Go', 'https://www.gap-tallard-durance.fr/fileadmin/_processed_/5/a/csm_AdobeStock_cle_sol_03179e2243.jpg', 2016),
(1006, 'I''m Alright', 'https://www.gap-tallard-durance.fr/fileadmin/_processed_/5/a/csm_AdobeStock_cle_sol_03179e2243.jpg', 1964),
(1007, 'Just Like I Treat You', 'https://www.gap-tallard-durance.fr/fileadmin/_processed_/5/a/csm_AdobeStock_cle_sol_03179e2243.jpg', 2016),
(1008, 'Just Your Fool', 'https://www.gap-tallard-durance.fr/fileadmin/_processed_/5/a/csm_AdobeStock_cle_sol_03179e2243.jpg', 2016),
(1009, 'Little Rain', 'https://www.gap-tallard-durance.fr/fileadmin/_processed_/5/a/csm_AdobeStock_cle_sol_03179e2243.jpg', 2016),
(1010, 'Mercy Mercy', 'https://www.gap-tallard-durance.fr/fileadmin/_processed_/5/a/csm_AdobeStock_cle_sol_03179e2243.jpg', 1964),
(1011, 'One More Try', 'https://www.gap-tallard-durance.fr/fileadmin/_processed_/5/a/csm_AdobeStock_cle_sol_03179e2243.jpg', 1964),
(1012, 'Play With Fire', 'https://www.gap-tallard-durance.fr/fileadmin/_processed_/5/a/csm_AdobeStock_cle_sol_03179e2243.jpg', 1964),
(1013, 'Ride ''Em on Down', 'https://img.discogs.com/Yo1lGgYHYazLl562EOxVoM0q3Is=/fit-in/300x300/filters:strip_icc():format(jpeg):mode_rgb():quality(40)/discogs-images/R-9414071-1480261094-3870.jpeg.jpg', 2016),
(1014, 'That''s How Strong My Love Is', 'https://www.gap-tallard-durance.fr/fileadmin/_processed_/5/a/csm_AdobeStock_cle_sol_03179e2243.jpg', 1964),
(1015, 'The Last Time', 'https://www.gap-tallard-durance.fr/fileadmin/_processed_/5/a/csm_AdobeStock_cle_sol_03179e2243.jpg', 1964),
(1016, 'The Spider & The Fly', 'https://www.gap-tallard-durance.fr/fileadmin/_processed_/5/a/csm_AdobeStock_cle_sol_03179e2243.jpg', 1964),
(1017, 'Under Assistant West Coast Promo...', 'https://www.gap-tallard-durance.fr/fileadmin/_processed_/5/a/csm_AdobeStock_cle_sol_03179e2243.jpg', 1964),
(1018, 'Je suis ton ami', 'https://www.gap-tallard-durance.fr/fileadmin/_processed_/5/a/csm_AdobeStock_cle_sol_03179e2243.jpg', 1996),
(1019, 'Quand elle m''aimait', 'https://www.gap-tallard-durance.fr/fileadmin/_processed_/5/a/csm_AdobeStock_cle_sol_03179e2243.jpg', 2000),
(1020, 'Tu dis que tu l''M', 'http://www.bide-et-musique.com/images/pochettes/874.jpg', 1986),
(1021, 'T''as le look coco', 'https://www.superloustic.com/wp-content/uploads/2016/08/R-1083880-1352921221-5535.jpeg.jpg', 1984),
(1022, 'Caroline (Live aux studios Saint-Germain)', 'https://static.fnac-static.com/multimedia/Images/FR/NR/a2/1f/a1/10559394/1540-1/tsp20181009145140/Le-Concert.jpg', 2018),
(1023, 'Dumbo (Live)', 'https://static.fnac-static.com/multimedia/Images/FR/NR/a2/1f/a1/10559394/1540-1/tsp20181009145140/Le-Concert.jpg', 2018),
(1024, 'J''ai oublié de vivre (Live aux studios Saint-Germain)', 'https://static.fnac-static.com/multimedia/Images/FR/NR/a2/1f/a1/10559394/1540-1/tsp20181009145140/Le-Concert.jpg', 2018),
(1025, 'Je m''en vais (Live)', 'https://static.fnac-static.com/multimedia/Images/FR/NR/a2/1f/a1/10559394/1540-1/tsp20181009145140/Le-Concert.jpg', 2018),
(1026, 'Je te déteste (Live)', 'https://static.fnac-static.com/multimedia/Images/FR/NR/a2/1f/a1/10559394/1540-1/tsp20181009145140/Le-Concert.jpg', 2018),
(1027, 'La galopin (Live)', 'https://static.fnac-static.com/multimedia/Images/FR/NR/a2/1f/a1/10559394/1540-1/tsp20181009145140/Le-Concert.jpg', 2018),
(1028, 'La même (Live)', 'https://static.fnac-static.com/multimedia/Images/FR/NR/a2/1f/a1/10559394/1540-1/tsp20181009145140/Le-Concert.jpg', 2018),
(1029, 'Le fils à papa (Live)', 'https://static.fnac-static.com/multimedia/Images/FR/NR/a2/1f/a1/10559394/1540-1/tsp20181009145140/Le-Concert.jpg', 2018),
(1030, 'Les gens sont méchants (Live)', 'https://static.fnac-static.com/multimedia/Images/FR/NR/a2/1f/a1/10559394/1540-1/tsp20181009145140/Le-Concert.jpg', 2018),
(1031, 'L''homme et l''âme (Live)', 'https://static.fnac-static.com/multimedia/Images/FR/NR/a2/1f/a1/10559394/1540-1/tsp20181009145140/Le-Concert.jpg', 2018),
(1032, 'Ma force (Live aux studios Saint-Germain)', 'https://static.fnac-static.com/multimedia/Images/FR/NR/a2/1f/a1/10559394/1540-1/tsp20181009145140/Le-Concert.jpg', 2018),
(1033, 'Pas là (Live)', 'https://static.fnac-static.com/multimedia/Images/FR/NR/a2/1f/a1/10559394/1540-1/tsp20181009145140/Le-Concert.jpg', 2018),
(1034, 'Puisque tu pars (Live aux studios Saint-Germain)', 'https://static.fnac-static.com/multimedia/Images/FR/NR/a2/1f/a1/10559394/1540-1/tsp20181009145140/Le-Concert.jpg', 2018),
(1035, 'Quand je serai père (Live)', 'https://static.fnac-static.com/multimedia/Images/FR/NR/a2/1f/a1/10559394/1540-1/tsp20181009145140/Le-Concert.jpg', 2018),
(1036, 'Quand j''étais chanteur', 'https://static.fnac-static.com/multimedia/Images/FR/NR/a2/1f/a1/10559394/1540-1/tsp20181009145140/Le-Concert.jpg', 2018),
(1037, 'Rive gauche', 'https://static.fnac-static.com/multimedia/Images/FR/NR/a2/1f/a1/10559394/1540-1/tsp20181009145140/Le-Concert.jpg', 2018),
(1038, 'Sans le dire (Live)', 'https://static.fnac-static.com/multimedia/Images/FR/NR/a2/1f/a1/10559394/1540-1/tsp20181009145140/Le-Concert.jpg', 2018),
(1039, 'Si on chantait', 'https://static.fnac-static.com/multimedia/Images/FR/NR/a2/1f/a1/10559394/1540-1/tsp20181009145140/Le-Concert.jpg', 2018),
(1040, 'Turn your lights down low', 'https://static.fnac-static.com/multimedia/Images/FR/NR/a2/1f/a1/10559394/1540-1/tsp20181009145140/Le-Concert.jpg', 2018),
(1041, 'Un peu de ton amour', 'https://static.fnac-static.com/multimedia/Images/FR/NR/a2/1f/a1/10559394/1540-1/tsp20181009145140/Le-Concert.jpg', 2018),
(1042, 'Veronica (Live)', 'https://static.fnac-static.com/multimedia/Images/FR/NR/a2/1f/a1/10559394/1540-1/tsp20181009145140/Le-Concert.jpg', 2018),
(1043, 'Faster Music Video', 'https://www.gap-tallard-durance.fr/fileadmin/_processed_/5/a/csm_AdobeStock_cle_sol_03179e2243.jpg', 2011),
(1044, 'Star de la pub', 'https://i.scdn.co/image/51740636931f278ab4a05e703a9536bd854a86cf', 1982);

-- --------------------------------------------------------

--
-- Structure de la table `statGenres`
--

CREATE TABLE IF NOT EXISTS `statGenres` (
  `idStatGenres` int(10) NOT NULL AUTO_INCREMENT,
  `idJukebox` int(10) NOT NULL,
  `idGenre` int(10) NOT NULL,
  `nbFoisJoue` int(10) NOT NULL,
  PRIMARY KEY (`idStatGenres`)
) ENGINE=MyISAM  DEFAULT CHARSET=utf8 COLLATE=utf8_unicode_ci AUTO_INCREMENT=28 ;

--
-- Contenu de la table `statGenres`
--

INSERT INTO `statGenres` (`idStatGenres`, `idJukebox`, `idGenre`, `nbFoisJoue`) VALUES
(16, 1, 10, 5),
(15, 1, 9, 1),
(14, 1, 6, 126),
(13, 1, 1, 130),
(17, 1, 7, 1),
(18, 1, 2, 7),
(19, 2, 1, 3),
(20, 2, 6, 1),
(21, 2, 34, 4),
(22, 2, 35, 4),
(23, 1, 28, 1),
(24, 1, 34, 1),
(25, 1, 63, 1),
(26, 1, 20, 8),
(27, 1, 43, 1);

-- --------------------------------------------------------

--
-- Structure de la table `statPistes`
--

CREATE TABLE IF NOT EXISTS `statPistes` (
  `idStatPistes` int(10) NOT NULL AUTO_INCREMENT,
  `idJukebox` int(10) NOT NULL,
  `idPiste` int(10) NOT NULL,
  `nbFoisJoue` int(10) NOT NULL,
  PRIMARY KEY (`idStatPistes`)
) ENGINE=MyISAM  DEFAULT CHARSET=utf8 COLLATE=utf8_unicode_ci AUTO_INCREMENT=35 ;

--
-- Contenu de la table `statPistes`
--

INSERT INTO `statPistes` (`idStatPistes`, `idJukebox`, `idPiste`, `nbFoisJoue`) VALUES
(22, 1, 12, 4),
(21, 1, 3, 6),
(20, 1, 2, 77),
(19, 1, 1, 50),
(23, 1, 840, 1),
(24, 1, 657, 4),
(25, 2, 35, 2),
(26, 2, 1, 1),
(27, 2, 533, 4),
(28, 1, 5, 1),
(29, 1, 13, 1),
(30, 1, 536, 1),
(31, 1, 921, 1),
(32, 1, 228, 8),
(33, 1, 660, 3),
(34, 1, 658, 1);

--
-- Contraintes pour les tables exportées
--

--
-- Contraintes pour la table `a_joué_album`
--
ALTER TABLE `a_joué_album`
  ADD CONSTRAINT `a_joué_album_ibfk_1` FOREIGN KEY (`idAlbum`) REFERENCES `album` (`idAlbum`),
  ADD CONSTRAINT `a_joué_album_ibfk_2` FOREIGN KEY (`idArtiste`) REFERENCES `artiste` (`idArtiste`);

--
-- Contraintes pour la table `a_joué_piste`
--
ALTER TABLE `a_joué_piste`
  ADD CONSTRAINT `a_joué_piste_ibfk_1` FOREIGN KEY (`idPiste`) REFERENCES `piste` (`idPiste`),
  ADD CONSTRAINT `a_joué_piste_ibfk_2` FOREIGN KEY (`idArtiste`) REFERENCES `artiste` (`idArtiste`);

--
-- Contraintes pour la table `contenu_bibliotheque`
--
ALTER TABLE `contenu_bibliotheque`
  ADD CONSTRAINT `contenu_bibliotheque_ibfk_1` FOREIGN KEY (`idBibliotheque`) REFERENCES `bibliotheque` (`idBibliotheque`),
  ADD CONSTRAINT `contenu_bibliotheque_ibfk_2` FOREIGN KEY (`idPiste`) REFERENCES `piste` (`idPiste`);

--
-- Contraintes pour la table `est_du_genre_album`
--
ALTER TABLE `est_du_genre_album`
  ADD CONSTRAINT `est_du_genre_album_ibfk_1` FOREIGN KEY (`idAlbum`) REFERENCES `album` (`idAlbum`),
  ADD CONSTRAINT `est_du_genre_album_ibfk_2` FOREIGN KEY (`idGenre`) REFERENCES `genre` (`idGenre`);

--
-- Contraintes pour la table `est_du_genre_piste`
--
ALTER TABLE `est_du_genre_piste`
  ADD CONSTRAINT `est_du_genre_piste_ibfk_1` FOREIGN KEY (`idPiste`) REFERENCES `piste` (`idPiste`),
  ADD CONSTRAINT `est_du_genre_piste_ibfk_2` FOREIGN KEY (`idGenre`) REFERENCES `genre` (`idGenre`);

--
-- Contraintes pour la table `fait_partie`
--
ALTER TABLE `fait_partie`
  ADD CONSTRAINT `fait_partie_ibfk_1` FOREIGN KEY (`idPiste`) REFERENCES `piste` (`idPiste`),
  ADD CONSTRAINT `fait_partie_ibfk_2` FOREIGN KEY (`idAlbum`) REFERENCES `album` (`idAlbum`);

--
-- Contraintes pour la table `file`
--
ALTER TABLE `file`
  ADD CONSTRAINT `file_ibfk_1` FOREIGN KEY (`idJukebox`) REFERENCES `jukebox` (`idJukebox`);

/*!40101 SET CHARACTER_SET_CLIENT=@OLD_CHARACTER_SET_CLIENT */;
/*!40101 SET CHARACTER_SET_RESULTS=@OLD_CHARACTER_SET_RESULTS */;
/*!40101 SET COLLATION_CONNECTION=@OLD_COLLATION_CONNECTION */;
